panel,cohort_label,coord,n_parquet_cells,qc_status,structural_acceptability,sample_type,has_all_primary_inputs
AR,NAC2020,"[35278,18358]",7899.0,Acceptable,Acceptable,TURBT,True
AR,NAC2020,"[35436,14789]",4960.0,Acceptable,Acceptable,TURBT,True
AR,NAC2020,"[35459,16494]",6253.0,Acceptable,Acceptable,TURBT,True
AR,NAC2020,"[35556,13057]",4218.0,Acceptable,Acceptable,TURBT,True
AR,NAC2020,"[35595,11300]",5052.0,Acceptable,Acceptable,TURBT,True
AR,NAC2020,"[35635,9595]",4098.0,Unusable,Unusable,TURBT,True
AR,NAC2020,"[35714,7930]",6737.0,Acceptable,Acceptable,TURBT,True
AR,NAC2020,"[36864,18477]",8254.0,Acceptable,Acceptable,TURBT,True
AR,NAC2020,"[37102,14908]",3310.0,Acceptable,Acceptable,TURBT,True
AR,NAC2020,"[37102,16653]",8155.0,Acceptable,Acceptable,TURBT,True
AR,NAC2020,"[37181,13124]",4155.0,Acceptable,Acceptable,TURBT,True
AR,NAC2020,"[37260,11380]",5183.0,Acceptable,Acceptable,TURBT,True
AR,NAC2020,"[37340,9635]",8764.0,Acceptable,Acceptable,TURBT,True
AR,NAC2020,"[37459,7890]",4847.0,Acceptable,Acceptable,TURBT,True
AR,NAC2020,"[38608,18516]",6367.0,Acceptable,Acceptable,TURBT,True
AR,NAC2020,"[38807,14869]",4315.0,Acceptable,Acceptable,TURBT,True
AR,NAC2020,"[38807,16613]",5220.0,Acceptable,Acceptable,TURBT,True
AR,NAC2020,"[38846,13164]",2998.0,Unusable,Unusable,TURBT,True
AR,NAC2020,"[39084,11419]",6605.0,Acceptable,Acceptable,TURBT,True
AR,NAC2020,"[39084,9754]",6814.0,Acceptable,Acceptable,TURBT,True
AR,NAC2020,"[39164,7970]",7359.0,Acceptable,Acceptable,TURBT,True
AR,NAC2020,"[39806,17568]",7912.0,Acceptable,Acceptable,RC,True
AR,NAC2020,"[39845,15863]",9161.0,Acceptable,Acceptable,RC,True
AR,NAC2020,"[40281,11144]",9242.0,Acceptable,Acceptable,TURBT,True
AR,NAC2020,"[40313,18635]",7012.0,Acceptable,Acceptable,TURBT,True
AR,NAC2020,"[40512,15067]",4438.0,Acceptable,Acceptable,TURBT,True
AR,NAC2020,"[40559,9677]",2828.0,Unusable,Unusable,TURBT,True
AR,NAC2020,"[40591,13243]",5300.0,Acceptable,Acceptable,TURBT,True
AR,NAC2020,"[40599,8131]",7645.0,Acceptable,Acceptable,TURBT,True
AR,NAC2020,"[40631,11498]",6712.0,Acceptable,Acceptable,TURBT,True
AR,NAC2020,"[40638,6505]",5718.0,Acceptable,Acceptable,TURBT,True
AR,NAC2020,"[40750,9794]",4339.0,Acceptable,Acceptable,TURBT,True
AR,NAC2020,"[40829,8009]",8123.0,Acceptable,Acceptable,TURBT,True
AR,NAC2020,"[41431,16021]",7312.0,Acceptable,Acceptable,RC,True
AR,NAC2020,"[41907,11263]",4601.0,Unusable,Unusable,TURBT,True
AR,NAC2020,"[41979,16970]",9948.0,Acceptable,Acceptable,TURBT,True
AR,NAC2020,"[42177,15186]",5163.0,Acceptable,Acceptable,TURBT,True
AR,NAC2020,"[42217,18754]",8031.0,Acceptable,Acceptable,TURBT,True
AR,NAC2020,"[42224,8250]",2422.0,Unusable,Unusable,TURBT,True
AR,NAC2020,"[42254,13340]",6636.0,Acceptable,Acceptable,TURBT,True
AR,NAC2020,"[42336,11578]",13853.0,Acceptable,Acceptable,TURBT,True
AR,NAC2020,"[42343,6585]",4866.0,Unusable,Unusable,TURBT,True
AR,NAC2020,"[42534,8049]",8411.0,Acceptable,Acceptable,TURBT,True
AR,NAC2020,"[42534,9794]",4609.0,Unusable,Unusable,TURBT,True
AR,NAC2020,"[42938,17607]",3119.0,Borderline,Borderline,RC,True
AR,NAC2020,"[43096,15982]",10447.0,Acceptable,Acceptable,RC,True
AR,NAC2020,"[43176,14277]",4502.0,Unusable,Unusable,TURBT,True
AR,NAC2020,"[43572,11382]",4736.0,Acceptable,Acceptable,TURBT,True
AR,NAC2020,"[43652,9717]",9442.0,Acceptable,Acceptable,TURBT,True
AR,NAC2020,"[43763,18876]",8502.0,Acceptable,Acceptable,TURBT,True
AR,NAC2020,"[43810,8171]",1193.0,Unusable,Unusable,TURBT,True
AR,NAC2020,"[43882,15226]",6383.0,Acceptable,Acceptable,TURBT,True
AR,NAC2020,"[43899,17017]",7433.0,Acceptable,Acceptable,TURBT,True
AR,NAC2020,"[43969,6545]",7875.0,Acceptable,Acceptable,TURBT,True
AR,NAC2020,"[44001,13481]",3245.0,Unusable,Unusable,TURBT,True
AR,NAC2020,"[44080,11618]",13463.0,Acceptable,Acceptable,TURBT,True
AR,NAC2020,"[44159,9873]",2777.0,Unusable,Unusable,TURBT,True
AR,NAC2020,"[44278,8128]",7702.0,Acceptable,Acceptable,TURBT,True
AR,NAC2020,"[44484,17766]",4104.0,Acceptable,Acceptable,RC,True
AR,NAC2020,"[44762,16100]",9103.0,Acceptable,Acceptable,RC,True
AR,NAC2020,"[44960,14475]",544.0,Unusable,Unusable,TURBT,True
AR,NAC2020,"[45079,13048]",1508.0,Unusable,Unusable,TURBT,True
AR,NAC2020,"[45119,11501]",7779.0,Acceptable,Acceptable,TURBT,True
AR,NAC2020,"[45277,9876]",8920.0,Acceptable,Acceptable,TURBT,True
AR,NAC2020,"[45428,18873]",8784.0,Acceptable,Acceptable,TURBT,True
AR,NAC2020,"[45436,8250]",3286.0,Unusable,Unusable,TURBT,True
AR,NAC2020,"[45547,17089]",8437.0,Acceptable,Acceptable,TURBT,True
AR,NAC2020,"[45594,6664]",4320.0,Unusable,Unusable,TURBT,True
AR,NAC2020,"[45626,15305]",9320.0,Acceptable,Acceptable,TURBT,True
AR,NAC2020,"[45666,13481]",9668.0,Acceptable,Acceptable,TURBT,True
AR,NAC2020,"[45825,11657]",9553.0,Acceptable,Acceptable,TURBT,True
AR,NAC2020,"[45864,9992]",7893.0,Acceptable,Acceptable,TURBT,True
AR,NAC2020,"[45944,8247]",7666.0,Acceptable,Acceptable,TURBT,True
AR,NAC2020,"[46229,17885]",3004.0,Acceptable,Acceptable,RC,True
AR,NAC2020,"[46348,16259]",3728.0,Acceptable,Acceptable,RC,True
AR,NAC2020,"[46665,13087]",2399.0,Unusable,Unusable,TURBT,True
AR,NAC2020,"[46784,11501]",4869.0,Unusable,Unusable,TURBT,True
AR,NAC2020,"[47022,9876]",1178.0,Unusable,Unusable,TURBT,True
AR,NAC2020,"[47094,18873]",8482.0,Acceptable,Acceptable,TURBT,True
AR,NAC2020,"[47141,8290]",6287.0,Acceptable,Acceptable,TURBT,True
AR,NAC2020,"[47252,17049]",9104.0,Acceptable,Acceptable,TURBT,True
AR,NAC2020,"[47260,6664]",7263.0,Acceptable,Acceptable,TURBT,True
AR,NAC2020,"[47371,15344]",7347.0,Acceptable,Acceptable,TURBT,True
AR,NAC2020,"[47450,13521]",7270.0,Acceptable,Acceptable,TURBT,True
AR,NAC2020,"[47530,8287]",6601.0,Acceptable,Acceptable,TURBT,True
AR,NAC2020,"[47569,10032]",5340.0,Acceptable,Acceptable,TURBT,True
AR,NAC2020,"[47569,11776]",10402.0,Acceptable,Acceptable,TURBT,True
AR,NAC2020,"[47854,18043]",3942.0,Acceptable,Acceptable,RC,True
AR,NAC2020,"[48013,16378]",6941.0,Acceptable,Acceptable,RC,True
AR,NAC2020,"[48330,13206]",5752.0,Acceptable,Acceptable,TURBT,True
AR,NAC2020,"[48410,11541]",4411.0,Unusable,Unusable,TURBT,True
AR,NAC2020,"[48489,9915]",3001.0,Unusable,Unusable,TURBT,True
AR,NAC2020,"[48838,18834]",5250.0,Acceptable,Acceptable,TURBT,True
AR,NAC2020,"[48917,17089]",6222.0,Acceptable,Acceptable,TURBT,True
AR,NAC2020,"[49036,15305]",6116.0,Acceptable,Acceptable,TURBT,True
AR,NAC2020,"[49195,13600]",8597.0,Acceptable,Acceptable,TURBT,True
AR,NAC2020,"[49195,8366]",3931.0,Acceptable,Acceptable,TURBT,True
AR,NAC2020,"[49234,10150]",9079.0,Acceptable,Acceptable,TURBT,True
AR,NAC2020,"[49274,11895]",5543.0,Borderline,Borderline,TURBT,True
AR,NAC2020,"[49678,18083]",5922.0,Acceptable,Acceptable,RC,True
AR,NAC2020,"[49877,14871]",4776.0,Borderline,Borderline,TURBT,True
AR,NAC2020,"[50075,13246]",6174.0,Acceptable,Acceptable,TURBT,True
AR,NAC2020,"[50194,11541]",4306.0,Acceptable,Acceptable,TURBT,True
AR,NAC2020,"[50233,9955]",1443.0,Unusable,Unusable,TURBT,True
AR,NAC2020,"[50543,18794]",5043.0,Acceptable,Acceptable,TURBT,True
AR,NAC2020,"[50662,17089]",6701.0,Acceptable,Acceptable,TURBT,True
AR,NAC2020,"[50781,15384]",6307.0,Acceptable,Acceptable,TURBT,True
AR,NAC2020,"[50900,11935]",4301.0,Unusable,Unusable,TURBT,True
AR,NAC2020,"[50900,8445]",4700.0,Acceptable,Acceptable,TURBT,True
AR,NAC2020,"[50908,6585]",6564.0,Acceptable,Acceptable,TURBT,True
AR,NAC2020,"[50940,13679]",7736.0,Borderline,Borderline,TURBT,True
AR,NAC2020,"[50979,10230]",8228.0,Acceptable,Acceptable,TURBT,True
AR,NAC2020,"[51304,18123]",6944.0,Acceptable,Acceptable,RC,True
AR,NAC2020,"[51582,15070]",7955.0,Acceptable,Acceptable,TURBT,True
AR,NAC2020,"[51859,13365]",3547.0,Unusable,Unusable,TURBT,True
AR,NAC2020,"[51978,11739]",1369.0,Unusable,Unusable,TURBT,True
AR,NAC2020,"[52176,10034]",6526.0,Acceptable,Acceptable,TURBT,True
AR,NAC2020,"[52223,18648]",6010.0,Unusable,Unusable,TURBT,True
AR,NAC2020,"[52406,17049]",6594.0,Acceptable,Acceptable,TURBT,True
AR,NAC2020,"[52605,15384]",7181.0,Acceptable,Acceptable,TURBT,True
AR,NAC2020,"[52605,8525]",7520.0,Acceptable,Acceptable,TURBT,True
AR,NAC2020,"[52612,6862]",4711.0,Unusable,Unusable,TURBT,True
AR,NAC2020,"[52644,13679]",5998.0,Acceptable,Acceptable,TURBT,True
AR,NAC2020,"[52684,10230]",6073.0,Acceptable,Acceptable,TURBT,True
AR,NAC2020,"[52724,12014]",7418.0,Acceptable,Acceptable,TURBT,True
AR,NAC2020,"[53009,18281]",6315.0,Borderline,Borderline,RC,True
AR,NAC2020,"[53128,16735]",4665.0,Acceptable,Acceptable,RC,True
AR,NAC2020,"[53326,15189]",3675.0,Unusable,Unusable,TURBT,True
AR,NAC2020,"[53604,11898]",4171.0,Acceptable,Acceptable,TURBT,True
AR,NAC2020,"[53802,10272]",2233.0,Unusable,Unusable,TURBT,True
AR,NAC2020,"[54032,18715]",8274.0,Borderline,Borderline,TURBT,True
AR,NAC2020,"[54191,17089]",6740.0,Acceptable,Acceptable,TURBT,True
AR,NAC2020,"[54230,8564]",8228.0,Acceptable,Acceptable,TURBT,True
AR,NAC2020,"[54310,15384]",5998.0,Acceptable,Acceptable,TURBT,True
AR,NAC2020,"[54389,10269]",5578.0,Acceptable,Acceptable,TURBT,True
AR,NAC2020,"[54389,13719]",6189.0,Acceptable,Acceptable,TURBT,True
AR,NAC2020,"[54528,12054]",6795.0,Acceptable,Acceptable,TURBT,True
AR,NAC2020,"[54714,18598]",4700.0,Borderline,Borderline,RC,True
AR,NAC2020,"[54754,16973]",4741.0,Acceptable,Acceptable,RC,True
AR,NAC2020,"[55071,13761]",3219.0,Unusable,Unusable,TURBT,True
AR,NAC2020,"[55229,12096]",5522.0,Acceptable,Acceptable,TURBT,True
AR,NAC2020,"[55428,10391]",4329.0,Acceptable,Acceptable,TURBT,True
AR,NAC2020,"[55546,8805]",2428.0,Unusable,Unusable,TURBT,True
AR,NAC2020,"[55745,7179]",6355.0,Acceptable,Acceptable,TURBT,True
AR,NAC2020,"[56340,17131]",4391.0,Acceptable,Acceptable,RC,True
AR,NAC2020,"[56538,15466]",4192.0,Acceptable,Acceptable,TURBT,True
AR,NAC2020,"[56776,13880]",3053.0,Unusable,Unusable,TURBT,True
AR,NAC2020,"[56895,12215]",738.0,Unusable,Unusable,TURBT,True
AR,NAC2020,"[57053,10550]",3996.0,Borderline,Borderline,TURBT,True
AR,NAC2020,"[57212,8884]",7845.0,Acceptable,Acceptable,TURBT,True
AR,NAC2020,"[57410,7259]",7190.0,Acceptable,Acceptable,TURBT,True
AR,NAC2020,"[57926,17330]",5369.0,Acceptable,Acceptable,RC,True
AR,NAC2020,"[58401,14118]",10252.0,Acceptable,Acceptable,TURBT,True
AR,NAC2020,"[58520,12413]",4399.0,Unusable,Unusable,TURBT,True
AR,NAC2020,"[58679,10788]",4352.0,Unusable,Unusable,TURBT,True
AR,NAC2020,"[58877,9083]",5744.0,Acceptable,Acceptable,TURBT,True
AR,NAC2020,"[58996,7378]",6891.0,Acceptable,Acceptable,TURBT,True
AR,NAC2020,"[59551,17528]",3851.0,Acceptable,Acceptable,RC,True
AR,NAC2020,"[60027,14158]",5893.0,Acceptable,Acceptable,TURBT,True
AR,NAC2020,"[60225,12572]",4041.0,Unusable,Unusable,TURBT,True
AR,NAC2020,"[60344,10867]",1671.0,Unusable,Unusable,TURBT,True
AR,NAC2020,"[60622,9202]",6933.0,Acceptable,Acceptable,TURBT,True
AR,NAC2020,"[61454,16100]",11572.0,Acceptable,Acceptable,TURBT,True
AR,NAC2020,"[61692,14435]",7700.0,Acceptable,Acceptable,TURBT,True
AR,NAC2020,"[61930,11065]",1056.0,Unusable,Unusable,TURBT,True
AR,NAC2020,"[61930,12691]",5590.0,Unusable,Unusable,TURBT,True
AR,NAC2020,"[62287,9360]",5755.0,Acceptable,Acceptable,TURBT,True
AR,No-NAC,"[33602,11372]",827.0,Unusable,Unusable,TURBT,True
AR,No-NAC,"[33682,7922]",9807.0,Acceptable,Acceptable,TURBT,True
AR,No-NAC,"[33801,12958]",5890.0,Acceptable,Acceptable,TURBT,True
AR,No-NAC,"[33801,9667]",4052.0,Acceptable,Acceptable,TURBT,True
AR,No-NAC,"[33880,14663]",5716.0,Acceptable,Acceptable,TURBT,True
AR,No-NAC,"[33880,16328]",5714.0,Acceptable,Acceptable,TURBT,True
AR,No-NAC,"[33880,17914]",6295.0,Acceptable,Acceptable,TURBT,True
AR,No-NAC,"[33880,6297]",2323.0,Unusable,Unusable,TURBT,True
AR,No-NAC,"[33999,19659]",2290.0,Unusable,Unusable,TURBT,True
AR,No-NAC,"[35426,11213]",2094.0,Unusable,Unusable,TURBT,True
AR,No-NAC,"[35426,7922]",6074.0,Unusable,Unusable,TURBT,True
AR,No-NAC,"[35426,9627]",4395.0,Acceptable,Acceptable,TURBT,True
AR,No-NAC,"[35466,12918]",4849.0,Acceptable,Acceptable,TURBT,True
AR,No-NAC,"[35466,14663]",7992.0,Acceptable,Acceptable,TURBT,True
AR,No-NAC,"[35466,16288]",7372.0,Acceptable,Acceptable,TURBT,True
AR,No-NAC,"[35466,6297]",4184.0,Acceptable,Acceptable,TURBT,True
AR,No-NAC,"[35506,18033]",6816.0,Acceptable,Acceptable,TURBT,True
AR,No-NAC,"[35559,19002]",4747.0,Acceptable,Acceptable,RC,True
AR,No-NAC,"[35585,19698]",4816.0,Acceptable,Acceptable,TURBT,True
AR,No-NAC,"[35639,20707]",9209.0,Acceptable,Acceptable,RC,True
AR,No-NAC,"[35758,17337]",6890.0,Acceptable,Acceptable,RC,True
AR,No-NAC,"[35797,15632]",5763.0,Acceptable,Acceptable,RC,True
AR,No-NAC,"[35916,13808]",5531.0,Acceptable,Acceptable,Unknown,False
AR,No-NAC,"[35956,12064]",7645.0,Acceptable,Acceptable,TURBT,True
AR,No-NAC,"[36154,10319]",6493.0,Acceptable,Acceptable,TURBT,True
AR,No-NAC,"[36392,6790]",9559.0,Acceptable,Acceptable,TURBT,True
AR,No-NAC,"[36511,5204]",3703.0,Acceptable,Acceptable,TURBT,True
AR,No-NAC,"[37171,12918]",1571.0,Unusable,Unusable,TURBT,True
AR,No-NAC,"[37171,6138]",7765.0,Acceptable,Acceptable,TURBT,True
AR,No-NAC,"[37210,11332]",3724.0,Unusable,Unusable,TURBT,True
AR,No-NAC,"[37210,14623]",5245.0,Acceptable,Acceptable,TURBT,True
AR,No-NAC,"[37210,7962]",5806.0,Acceptable,Acceptable,TURBT,True
AR,No-NAC,"[37210,9588]",7354.0,Acceptable,Acceptable,TURBT,True
AR,No-NAC,"[37250,16288]",8337.0,Acceptable,Acceptable,TURBT,True
AR,No-NAC,"[37250,17993]",8707.0,Acceptable,Acceptable,TURBT,True
AR,No-NAC,"[37304,20747]",7183.0,Acceptable,Acceptable,RC,True
AR,No-NAC,"[37344,19082]",6042.0,Acceptable,Acceptable,RC,True
AR,No-NAC,"[37369,19698]",6949.0,Acceptable,Acceptable,TURBT,True
AR,No-NAC,"[37423,17377]",7776.0,Acceptable,Acceptable,RC,True
AR,No-NAC,"[37542,15672]",5511.0,Acceptable,Acceptable,RC,True
AR,No-NAC,"[37581,13888]",5289.0,Acceptable,Acceptable,Unknown,False
AR,No-NAC,"[37700,12143]",7366.0,Acceptable,Acceptable,TURBT,True
AR,No-NAC,"[37899,10359]",6666.0,Borderline,Borderline,TURBT,True
AR,No-NAC,"[38176,6830]",3336.0,Acceptable,Acceptable,TURBT,True
AR,No-NAC,"[38374,5125]",3813.0,Acceptable,Acceptable,TURBT,True
AR,No-NAC,"[38876,11213]",2005.0,Unusable,Unusable,TURBT,True
AR,No-NAC,"[38955,12918]",4183.0,Acceptable,Acceptable,TURBT,True
AR,No-NAC,"[38955,7962]",3315.0,Acceptable,Acceptable,TURBT,True
AR,No-NAC,"[38955,9588]",4095.0,Borderline,Borderline,TURBT,True
AR,No-NAC,"[38995,14663]",4263.0,Acceptable,Acceptable,TURBT,True
AR,No-NAC,"[38995,16249]",6387.0,Acceptable,Acceptable,TURBT,True
AR,No-NAC,"[38995,17993]",10102.0,Acceptable,Acceptable,TURBT,True
AR,No-NAC,"[38995,6297]",6772.0,Borderline,Borderline,TURBT,True
AR,No-NAC,"[39034,19698]",6193.0,Acceptable,Acceptable,TURBT,True
AR,No-NAC,"[39088,20826]",3604.0,Acceptable,Acceptable,RC,True
AR,No-NAC,"[39128,19161]",6342.0,Acceptable,Acceptable,RC,True
AR,No-NAC,"[39167,17416]",6415.0,Acceptable,Acceptable,RC,True
AR,No-NAC,"[39247,15711]",7797.0,Acceptable,Acceptable,RC,True
AR,No-NAC,"[39405,14006]",4356.0,Acceptable,Acceptable,RC,True
AR,No-NAC,"[39485,12222]",6312.0,Acceptable,Acceptable,TURBT,True
AR,No-NAC,"[39683,10478]",5545.0,Acceptable,Acceptable,TURBT,True
AR,No-NAC,"[39722,8654]",3185.0,Borderline,Borderline,TURBT,True
AR,No-NAC,"[39960,6949]",2872.0,Unusable,Unusable,TURBT,True
AR,No-NAC,"[40040,5244]",4531.0,Unusable,Unusable,TURBT,True
AR,No-NAC,"[40620,7883]",4871.0,Borderline,Borderline,TURBT,True
AR,No-NAC,"[40660,12958]",3596.0,Acceptable,Acceptable,TURBT,True
AR,No-NAC,"[40660,16209]",4451.0,Acceptable,Acceptable,TURBT,True
AR,No-NAC,"[40700,14584]",2009.0,Unusable,Unusable,TURBT,True
AR,No-NAC,"[40700,19659]",8328.0,Acceptable,Acceptable,TURBT,True
AR,No-NAC,"[40700,6257]",6325.0,Acceptable,Acceptable,TURBT,True
AR,No-NAC,"[40700,9627]",5857.0,Acceptable,Acceptable,TURBT,True
AR,No-NAC,"[40714,20985]",4606.0,Acceptable,Acceptable,RC,True
AR,No-NAC,"[40739,11293]",4045.0,Unusable,Unusable,TURBT,True
AR,No-NAC,"[40739,17954]",5923.0,Acceptable,Acceptable,TURBT,True
AR,No-NAC,"[40872,19280]",5070.0,Acceptable,Acceptable,RC,True
AR,No-NAC,"[40952,17535]",5309.0,Acceptable,Acceptable,RC,True
AR,No-NAC,"[41071,15791]",6287.0,Acceptable,Acceptable,RC,True
AR,No-NAC,"[41150,14046]",3886.0,Acceptable,Acceptable,RC,True
AR,No-NAC,"[41269,12262]",5816.0,Borderline,Borderline,TURBT,True
AR,No-NAC,"[41427,10557]",6757.0,Acceptable,Acceptable,TURBT,True
AR,No-NAC,"[41467,8812]",6080.0,Acceptable,Acceptable,TURBT,True
AR,No-NAC,"[41665,7028]",9099.0,Acceptable,Acceptable,TURBT,True
AR,No-NAC,"[41824,5165]",6578.0,Acceptable,Acceptable,TURBT,True
AR,No-NAC,"[42365,14663]",1295.0,Unusable,Unusable,TURBT,True
AR,No-NAC,"[42365,7922]",9866.0,Borderline,Borderline,TURBT,True
AR,No-NAC,"[42405,11253]",5615.0,Acceptable,Acceptable,TURBT,True
AR,No-NAC,"[42405,12958]",5742.0,Acceptable,Acceptable,TURBT,True
AR,No-NAC,"[42405,17954]",7359.0,Acceptable,Acceptable,TURBT,True
AR,No-NAC,"[42405,9667]",5466.0,Acceptable,Acceptable,TURBT,True
AR,No-NAC,"[42444,16209]",1415.0,Unusable,Unusable,TURBT,True
AR,No-NAC,"[42484,19619]",6248.0,Acceptable,Acceptable,TURBT,True
AR,No-NAC,"[42484,6257]",5112.0,Acceptable,Acceptable,TURBT,True
AR,No-NAC,"[42538,21104]",4622.0,Acceptable,Acceptable,RC,True
AR,No-NAC,"[42577,19320]",2273.0,Acceptable,Acceptable,RC,True
AR,No-NAC,"[42696,17535]",3823.0,Borderline,Borderline,RC,True
AR,No-NAC,"[42855,15830]",6001.0,Acceptable,Acceptable,RC,True
AR,No-NAC,"[42894,14125]",7171.0,Acceptable,Acceptable,RC,True
AR,No-NAC,"[43053,12341]",6194.0,Acceptable,Acceptable,TURBT,True
AR,No-NAC,"[43132,10636]",6675.0,Acceptable,Acceptable,TURBT,True
AR,No-NAC,"[43291,8852]",5555.0,Acceptable,Acceptable,TURBT,True
AR,No-NAC,"[43450,7028]",5379.0,Acceptable,Acceptable,TURBT,True
AR,No-NAC,"[43568,5284]",5834.0,Acceptable,Acceptable,TURBT,True
AR,No-NAC,"[44110,12958]",6990.0,Acceptable,Acceptable,TURBT,True
AR,No-NAC,"[44110,16288]",7256.0,Borderline,Borderline,TURBT,True
AR,No-NAC,"[44110,17993]",6719.0,Acceptable,Acceptable,TURBT,True
AR,No-NAC,"[44149,11293]",4388.0,Acceptable,Acceptable,TURBT,True
AR,No-NAC,"[44149,14584]",7290.0,Acceptable,Acceptable,TURBT,True
AR,No-NAC,"[44149,6297]",5427.0,Acceptable,Acceptable,TURBT,True
AR,No-NAC,"[44149,7883]",6651.0,Acceptable,Acceptable,TURBT,True
AR,No-NAC,"[44149,9588]",6389.0,Acceptable,Acceptable,TURBT,True
AR,No-NAC,"[44189,19619]",4953.0,Acceptable,Acceptable,TURBT,True
AR,No-NAC,"[44282,21223]",5075.0,Acceptable,Acceptable,RC,True
AR,No-NAC,"[44322,19399]",5874.0,Acceptable,Acceptable,RC,True
AR,No-NAC,"[44480,17615]",5791.0,Acceptable,Acceptable,RC,True
AR,No-NAC,"[44560,15949]",4827.0,Borderline,Borderline,RC,True
AR,No-NAC,"[44718,14205]",7383.0,Acceptable,Acceptable,RC,True
AR,No-NAC,"[44837,12420]",4945.0,Acceptable,Acceptable,TURBT,True
AR,No-NAC,"[44956,10716]",5473.0,Acceptable,Acceptable,TURBT,True
AR,No-NAC,"[44996,8892]",5842.0,Acceptable,Acceptable,TURBT,True
AR,No-NAC,"[45194,7028]",5184.0,Unusable,Unusable,TURBT,True
AR,No-NAC,"[45313,5244]",6351.0,Acceptable,Acceptable,TURBT,True
AR,No-NAC,"[45814,12918]",5725.0,Acceptable,Acceptable,TURBT,True
AR,No-NAC,"[45854,9588]",7500.0,Acceptable,Acceptable,TURBT,True
AR,No-NAC,"[45894,11253]",5520.0,Borderline,Borderline,TURBT,True
AR,No-NAC,"[45894,14663]",8347.0,Acceptable,Acceptable,TURBT,True
AR,No-NAC,"[45894,16288]",6298.0,Acceptable,Acceptable,TURBT,True
AR,No-NAC,"[45894,17993]",8032.0,Acceptable,Acceptable,TURBT,True
AR,No-NAC,"[45894,19540]",2534.0,Unusable,Unusable,TURBT,True
AR,No-NAC,"[45894,6297]",5507.0,Acceptable,Acceptable,TURBT,True
AR,No-NAC,"[46027,21223]",3923.0,Acceptable,Acceptable,RC,True
AR,No-NAC,"[46066,19478]",4941.0,Acceptable,Acceptable,RC,True
AR,No-NAC,"[46225,17734]",6473.0,Acceptable,Acceptable,RC,True
AR,No-NAC,"[46304,16068]",7511.0,Acceptable,Acceptable,RC,True
AR,No-NAC,"[46463,14284]",2993.0,Acceptable,Acceptable,RC,True
AR,No-NAC,"[46582,12539]",4604.0,Acceptable,Acceptable,TURBT,True
AR,No-NAC,"[46622,10755]",5419.0,Unusable,Unusable,TURBT,True
AR,No-NAC,"[46820,8971]",9302.0,Acceptable,Acceptable,TURBT,True
AR,No-NAC,"[46899,7147]",9526.0,Acceptable,Acceptable,TURBT,True
AR,No-NAC,"[47058,5363]",2753.0,Unusable,Unusable,TURBT,True
AR,No-NAC,"[47559,6257]",8036.0,Acceptable,Acceptable,TURBT,True
AR,No-NAC,"[47599,11253]",4861.0,Acceptable,Acceptable,TURBT,True
AR,No-NAC,"[47599,12918]",11732.0,Acceptable,Acceptable,TURBT,True
AR,No-NAC,"[47599,14623]",5923.0,Acceptable,Acceptable,TURBT,True
AR,No-NAC,"[47599,16288]",5572.0,Unusable,Unusable,TURBT,True
AR,No-NAC,"[47599,17914]",6476.0,Acceptable,Acceptable,TURBT,True
AR,No-NAC,"[47599,19500]",6730.0,Acceptable,Acceptable,TURBT,True
AR,No-NAC,"[47599,7922]",5914.0,Acceptable,Acceptable,TURBT,True
AR,No-NAC,"[47638,9508]",3162.0,Unusable,Unusable,TURBT,True
AR,No-NAC,"[47652,21302]",4026.0,Acceptable,Acceptable,RC,True
AR,No-NAC,"[47811,19557]",6283.0,Acceptable,Acceptable,RC,True
AR,No-NAC,"[47930,17813]",5109.0,Acceptable,Acceptable,RC,True
AR,No-NAC,"[48128,16108]",6994.0,Acceptable,Acceptable,RC,True
AR,No-NAC,"[48208,14443]",5633.0,Acceptable,Acceptable,RC,True
AR,No-NAC,"[48366,12658]",4426.0,Acceptable,Acceptable,TURBT,True
AR,No-NAC,"[48485,10874]",8419.0,Acceptable,Acceptable,TURBT,True
AR,No-NAC,"[48604,9090]",5152.0,Borderline,Borderline,TURBT,True
AR,No-NAC,"[48723,7266]",8304.0,Acceptable,Acceptable,TURBT,True
AR,No-NAC,"[48802,5561]",7024.0,Acceptable,Acceptable,TURBT,True
AR,No-NAC,"[49264,9588]",5371.0,Unusable,Unusable,TURBT,True
AR,No-NAC,"[49278,21500]",3517.0,Acceptable,Acceptable,RC,True
AR,No-NAC,"[49304,14584]",4964.0,Acceptable,Acceptable,TURBT,True
AR,No-NAC,"[49304,6297]",7760.0,Acceptable,Acceptable,TURBT,True
AR,No-NAC,"[49343,11253]",3885.0,Acceptable,Acceptable,TURBT,True
AR,No-NAC,"[49343,16288]",10537.0,Acceptable,Acceptable,TURBT,True
AR,No-NAC,"[49343,17914]",5634.0,Acceptable,Acceptable,TURBT,True
AR,No-NAC,"[49343,7962]",5878.0,Borderline,Borderline,TURBT,True
AR,No-NAC,"[49383,19540]",7569.0,Acceptable,Acceptable,TURBT,True
AR,No-NAC,"[49423,12958]",7272.0,Borderline,Borderline,TURBT,True
AR,No-NAC,"[49556,19716]",6907.0,Acceptable,Acceptable,RC,True
AR,No-NAC,"[49714,17932]",5976.0,Acceptable,Acceptable,RC,True
AR,No-NAC,"[49873,16187]",5352.0,Acceptable,Acceptable,RC,True
AR,No-NAC,"[50071,14482]",9363.0,Acceptable,Acceptable,RC,True
AR,No-NAC,"[50309,11112]",8156.0,Acceptable,Acceptable,TURBT,True
AR,No-NAC,"[50349,9288]",6071.0,Acceptable,Acceptable,TURBT,True
AR,No-NAC,"[50468,7425]",2510.0,Unusable,Unusable,TURBT,True
AR,No-NAC,"[50547,5680]",7319.0,Acceptable,Acceptable,TURBT,True
AR,No-NAC,"[50969,9627]",5300.0,Acceptable,Acceptable,TURBT,True
AR,No-NAC,"[51009,11293]",6590.0,Acceptable,Acceptable,TURBT,True
AR,No-NAC,"[51048,12958]",5846.0,Acceptable,Acceptable,TURBT,True
AR,No-NAC,"[51048,14544]",8348.0,Acceptable,Acceptable,TURBT,True
AR,No-NAC,"[51048,6297]",7800.0,Acceptable,Acceptable,TURBT,True
AR,No-NAC,"[51048,7962]",7267.0,Acceptable,Acceptable,TURBT,True
AR,No-NAC,"[51088,17874]",8821.0,Acceptable,Acceptable,TURBT,True
AR,No-NAC,"[51167,16249]",4463.0,Acceptable,Acceptable,TURBT,True
AR,No-NAC,"[51221,21580]",2346.0,Acceptable,Acceptable,RC,True
AR,No-NAC,"[51340,19835]",5330.0,Acceptable,Acceptable,RC,True
AR,No-NAC,"[51538,18051]",3864.0,Acceptable,Acceptable,RC,True
AR,No-NAC,"[51657,16266]",5279.0,Acceptable,Acceptable,RC,True
AR,No-NAC,"[51816,14522]",9335.0,Acceptable,Acceptable,RC,True
AR,No-NAC,"[52014,11152]",6159.0,Acceptable,Acceptable,TURBT,True
AR,No-NAC,"[52172,9407]",6875.0,Acceptable,Acceptable,TURBT,True
AR,No-NAC,"[52212,7544]",3859.0,Unusable,Unusable,TURBT,True
AR,No-NAC,"[52714,16209]",4725.0,Borderline,Borderline,TURBT,True
AR,No-NAC,"[52714,9588]",5020.0,Acceptable,Acceptable,TURBT,True
AR,No-NAC,"[52753,11134]",1741.0,Unusable,Unusable,TURBT,True
AR,No-NAC,"[52753,14663]",7878.0,Acceptable,Acceptable,TURBT,True
AR,No-NAC,"[52753,6336]",8206.0,Acceptable,Acceptable,TURBT,True
AR,No-NAC,"[52753,7962]",4802.0,Borderline,Borderline,TURBT,True
AR,No-NAC,"[52832,12958]",2864.0,Unusable,Unusable,TURBT,True
AR,No-NAC,"[52832,17835]",3167.0,Unusable,Unusable,TURBT,True
AR,No-NAC,"[53124,19795]",5325.0,Acceptable,Acceptable,RC,True
AR,No-NAC,"[53322,18090]",5873.0,Acceptable,Acceptable,RC,True
AR,No-NAC,"[53441,16386]",6878.0,Acceptable,Acceptable,RC,True
AR,No-NAC,"[53679,14680]",4300.0,Acceptable,Acceptable,RC,True
AR,No-NAC,"[53798,11271]",7918.0,Acceptable,Acceptable,TURBT,True
AR,No-NAC,"[53957,9526]",6582.0,Acceptable,Acceptable,TURBT,True
AR,No-NAC,"[53996,7663]",6001.0,Acceptable,Acceptable,TURBT,True
AR,No-NAC,"[54115,5958]",3640.0,Acceptable,Acceptable,TURBT,True
AR,No-NAC,"[54418,12879]",10290.0,Acceptable,Acceptable,TURBT,True
AR,No-NAC,"[54458,11253]",6809.0,Acceptable,Acceptable,TURBT,True
AR,No-NAC,"[54458,16170]",322.0,Unusable,Unusable,TURBT,True
AR,No-NAC,"[54458,9707]",8288.0,Acceptable,Acceptable,TURBT,True
AR,No-NAC,"[54498,14623]",8149.0,Acceptable,Acceptable,TURBT,True
AR,No-NAC,"[54498,6336]",5377.0,Acceptable,Acceptable,TURBT,True
AR,No-NAC,"[54498,7962]",8992.0,Acceptable,Acceptable,TURBT,True
AR,No-NAC,"[54537,17835]",953.0,Unusable,Unusable,TURBT,True
AR,No-NAC,"[54908,19875]",5040.0,Acceptable,Acceptable,RC,True
AR,No-NAC,"[55107,18170]",6353.0,Acceptable,Acceptable,RC,True
AR,No-NAC,"[55226,16465]",6461.0,Acceptable,Acceptable,RC,True
AR,No-NAC,"[55384,14720]",4315.0,Acceptable,Acceptable,RC,True
AR,No-NAC,"[55622,11429]",7192.0,Acceptable,Acceptable,TURBT,True
AR,No-NAC,"[55781,9685]",7069.0,Acceptable,Acceptable,TURBT,True
AR,No-NAC,"[55820,7940]",6904.0,Acceptable,Acceptable,TURBT,True
AR,No-NAC,"[56203,11253]",9104.0,Acceptable,Acceptable,TURBT,True
AR,No-NAC,"[56203,12958]",6438.0,Acceptable,Acceptable,TURBT,True
AR,No-NAC,"[56242,14623]",6832.0,Acceptable,Acceptable,TURBT,True
AR,No-NAC,"[56242,17795]",6540.0,Acceptable,Acceptable,TURBT,True
AR,No-NAC,"[56242,8002]",7359.0,Acceptable,Acceptable,TURBT,True
AR,No-NAC,"[56282,6336]",9467.0,Acceptable,Acceptable,TURBT,True
AR,No-NAC,"[56282,9667]",6716.0,Acceptable,Acceptable,TURBT,True
AR,No-NAC,"[56772,19954]",4775.0,Acceptable,Acceptable,RC,True
AR,No-NAC,"[56891,18249]",8800.0,Acceptable,Acceptable,RC,True
AR,No-NAC,"[57049,16584]",5740.0,Acceptable,Acceptable,RC,True
AR,No-NAC,"[57248,14879]",4860.0,Acceptable,Acceptable,RC,True
AR,No-NAC,"[57486,11588]",6266.0,Acceptable,Acceptable,TURBT,True
AR,No-NAC,"[57604,6473]",6070.0,Acceptable,Acceptable,TURBT,True
AR,No-NAC,"[57604,8178]",2101.0,Unusable,Unusable,TURBT,True
AR,No-NAC,"[58596,19954]",5556.0,Acceptable,Acceptable,RC,True
AR,No-NAC,"[58675,18289]",7885.0,Acceptable,Acceptable,RC,True
AR,No-NAC,"[58834,16623]",4704.0,Acceptable,Acceptable,RC,True
AR,No-NAC,"[58992,14918]",6190.0,Acceptable,Acceptable,RC,True
AR,No-NAC,"[59230,11707]",5029.0,Acceptable,Acceptable,TURBT,True
AR,No-NAC,"[59428,10081]",4741.0,Borderline,Borderline,TURBT,True
AR,No-NAC,"[59456,8456]",5086.0,Acceptable,Acceptable,TURBT,True
AR,No-NAC,"[59587,6671]",6201.0,Acceptable,Acceptable,TURBT,True
AR,PURE01,"[31609,10841]",6522.0,Acceptable,Acceptable,TURBT,True
AR,PURE01,"[31609,9136]",6492.0,Acceptable,Acceptable,TURBT,True
AR,PURE01,"[31649,12546]",4792.0,Borderline,Borderline,TURBT,True
AR,PURE01,"[31966,16193]",1489.0,Unusable,Unusable,TURBT,True
AR,PURE01,"[32244,17779]",6291.0,Acceptable,Acceptable,TURBT,True
AR,PURE01,"[32362,19286]",4529.0,Acceptable,Acceptable,TURBT,True
AR,PURE01,"[32481,21070]",4153.0,Unusable,Unusable,TURBT,True
AR,PURE01,"[32521,22775]",4796.0,Borderline,Borderline,TURBT,True
AR,PURE01,"[33076,14250]",1470.0,Unusable,Unusable,TURBT,True
AR,PURE01,"[33195,12625]",8929.0,Acceptable,Acceptable,TURBT,True
AR,PURE01,"[33195,7470]",5897.0,Acceptable,Acceptable,TURBT,True
AR,PURE01,"[33235,10841]",7121.0,Acceptable,Acceptable,TURBT,True
AR,PURE01,"[33235,9136]",3138.0,Unusable,Unusable,TURBT,True
AR,PURE01,"[33592,15955]",2205.0,Unusable,Unusable,TURBT,True
AR,PURE01,"[33790,17621]",4223.0,Unusable,Unusable,TURBT,True
AR,PURE01,"[34028,20991]",899.0,Unusable,Unusable,TURBT,True
AR,PURE01,"[34107,22616]",3844.0,Unusable,Unusable,TURBT,True
AR,PURE01,"[34860,7391]",5207.0,Acceptable,Acceptable,TURBT,True
AR,PURE01,"[34940,10841]",6641.0,Acceptable,Acceptable,TURBT,True
AR,PURE01,"[34940,9056]",4614.0,Acceptable,Acceptable,TURBT,True
AR,PURE01,"[35206,14037]",8212.0,Unusable,Unusable,TURBT,True
AR,PURE01,"[35296,15757]",4762.0,Acceptable,Acceptable,TURBT,True
AR,PURE01,"[35334,11741]",6840.0,Acceptable,Acceptable,TURBT,True
AR,PURE01,"[35455,17383]",2893.0,Unusable,Unusable,TURBT,True
AR,PURE01,"[35493,10065]",8535.0,Acceptable,Acceptable,TURBT,True
AR,PURE01,"[35534,19088]",6222.0,Acceptable,Acceptable,TURBT,True
AR,PURE01,"[35653,20753]",4143.0,Unusable,Unusable,TURBT,True
AR,PURE01,"[35852,22458]",1203.0,Unusable,Unusable,TURBT,True
AR,PURE01,"[36605,9056]",4058.0,Acceptable,Acceptable,TURBT,True
AR,PURE01,"[36684,7431]",4633.0,Acceptable,Acceptable,TURBT,True
AR,PURE01,"[36764,10722]",7806.0,Acceptable,Acceptable,TURBT,True
AR,PURE01,"[36803,12347]",6964.0,Acceptable,Acceptable,TURBT,True
AR,PURE01,"[36843,14013]",4337.0,Acceptable,Acceptable,TURBT,True
AR,PURE01,"[36962,15598]",2210.0,Unusable,Unusable,TURBT,True
AR,PURE01,"[37120,17304]",9683.0,Acceptable,Acceptable,TURBT,True
AR,PURE01,"[37358,20555]",7968.0,Acceptable,Acceptable,TURBT,True
AR,PURE01,"[37596,22260]",6255.0,Acceptable,Acceptable,TURBT,True
AR,PURE01,"[38350,7351]",1053.0,Unusable,Unusable,TURBT,True
AR,PURE01,"[38389,8977]",5493.0,Acceptable,Acceptable,TURBT,True
AR,PURE01,"[38429,10642]",6670.0,Acceptable,Acceptable,TURBT,True
AR,PURE01,"[38627,13814]",8291.0,Acceptable,Acceptable,TURBT,True
AR,PURE01,"[38704,11780]",6074.0,Acceptable,Acceptable,TURBT,True
AR,PURE01,"[38784,10115]",5383.0,Acceptable,Acceptable,TURBT,True
AR,PURE01,"[38786,15480]",4558.0,Acceptable,Acceptable,TURBT,True
AR,PURE01,"[38865,17105]",6290.0,Acceptable,Acceptable,TURBT,True
AR,PURE01,"[38865,18731]",1570.0,Unusable,Unusable,TURBT,True
AR,PURE01,"[39142,20396]",3865.0,Acceptable,Acceptable,TURBT,True
AR,PURE01,"[39341,22101]",5854.0,Acceptable,Acceptable,TURBT,True
AR,PURE01,"[39975,7193]",581.0,Unusable,Unusable,TURBT,True
AR,PURE01,"[40094,8858]",5537.0,Acceptable,Acceptable,TURBT,True
AR,PURE01,"[40173,10484]",8972.0,Acceptable,Acceptable,TURBT,True
AR,PURE01,"[40292,12109]",6104.0,Unusable,Unusable,TURBT,True
AR,PURE01,"[40372,13695]",6620.0,Acceptable,Acceptable,TURBT,True
AR,PURE01,"[40489,11899]",4746.0,Acceptable,Acceptable,TURBT,True
AR,PURE01,"[40491,15361]",3572.0,Acceptable,Acceptable,TURBT,True
AR,PURE01,"[40530,16986]",1023.0,Unusable,Unusable,TURBT,True
AR,PURE01,"[40568,10155]",3148.0,Borderline,Borderline,TURBT,True
AR,PURE01,"[40728,18612]",5773.0,Borderline,Borderline,TURBT,True
AR,PURE01,"[40887,20238]",6584.0,Acceptable,Acceptable,TURBT,True
AR,PURE01,"[41046,21942]",6213.0,Acceptable,Acceptable,TURBT,True
AR,PURE01,"[41480,11490]",6350.0,Acceptable,Acceptable,TURBT,True
AR,PURE01,"[41480,13195]",4011.0,Acceptable,Acceptable,RC,True
AR,PURE01,"[41480,9865]",3942.0,Unusable,Unusable,TURBT,True
AR,PURE01,"[41559,14900]",3582.0,Acceptable,Acceptable,RC,True
AR,PURE01,"[41720,7272]",2453.0,Unusable,Unusable,TURBT,True
AR,PURE01,"[41720,8739]",727.0,Unusable,Unusable,TURBT,True
AR,PURE01,"[41878,10365]",6989.0,Acceptable,Acceptable,TURBT,True
AR,PURE01,"[41997,13576]",6629.0,Borderline,Borderline,TURBT,True
AR,PURE01,"[42114,11741]",2895.0,Unusable,Unusable,TURBT,True
AR,PURE01,"[42156,15202]",4446.0,Borderline,Borderline,TURBT,True
AR,PURE01,"[42273,10155]",2716.0,Unusable,Unusable,TURBT,True
AR,PURE01,"[42275,16867]",8950.0,Acceptable,Acceptable,TURBT,True
AR,PURE01,"[42434,18453]",8609.0,Acceptable,Acceptable,TURBT,True
AR,PURE01,"[42592,20119]",8902.0,Acceptable,Acceptable,TURBT,True
AR,PURE01,"[42711,21784]",2733.0,Unusable,Unusable,TURBT,True
AR,PURE01,"[43106,11451]",6074.0,Acceptable,Acceptable,TURBT,True
AR,PURE01,"[43106,13156]",4410.0,Acceptable,Acceptable,RC,True
AR,PURE01,"[43145,14860]",5970.0,Acceptable,Acceptable,RC,True
AR,PURE01,"[43425,7153]",4862.0,Acceptable,Acceptable,TURBT,True
AR,PURE01,"[43583,8660]",3990.0,Unusable,Unusable,TURBT,True
AR,PURE01,"[43623,10286]",6921.0,Acceptable,Acceptable,TURBT,True
AR,PURE01,"[43742,11872]",272.0,Unusable,Unusable,TURBT,True
AR,PURE01,"[43742,13418]",2849.0,Unusable,Unusable,TURBT,True
AR,PURE01,"[43859,11979]",7336.0,Acceptable,Acceptable,TURBT,True
AR,PURE01,"[43861,15083]",5293.0,Acceptable,Acceptable,TURBT,True
AR,PURE01,"[43938,10274]",7811.0,Acceptable,Acceptable,TURBT,True
AR,PURE01,"[44020,16748]",5229.0,Acceptable,Acceptable,TURBT,True
AR,PURE01,"[44178,18334]",9998.0,Acceptable,Acceptable,TURBT,True
AR,PURE01,"[44297,19960]",7541.0,Acceptable,Acceptable,TURBT,True
AR,PURE01,"[44416,21586]",7814.0,Acceptable,Acceptable,TURBT,True
AR,PURE01,"[44810,13076]",7186.0,Acceptable,Acceptable,RC,True
AR,PURE01,"[44850,11451]",5614.0,Acceptable,Acceptable,TURBT,True
AR,PURE01,"[44850,9785]",1609.0,Unusable,Unusable,TURBT,True
AR,PURE01,"[44929,14781]",2168.0,Acceptable,Acceptable,RC,True
AR,PURE01,"[45249,7074]",3217.0,Unusable,Unusable,TURBT,True
AR,PURE01,"[45328,8620]",5511.0,Borderline,Borderline,TURBT,True
AR,PURE01,"[45368,10167]",5341.0,Unusable,Unusable,TURBT,True
AR,PURE01,"[45368,11713]",1842.0,Unusable,Unusable,TURBT,True
AR,PURE01,"[45526,13299]",6712.0,Borderline,Borderline,TURBT,True
AR,PURE01,"[45604,12058]",7491.0,Acceptable,Acceptable,TURBT,True
AR,PURE01,"[45673,10368]",7793.0,Acceptable,Acceptable,TURBT,True
AR,PURE01,"[45685,15004]",6770.0,Acceptable,Acceptable,TURBT,True
AR,PURE01,"[45764,16669]",5462.0,Acceptable,Acceptable,TURBT,True
AR,PURE01,"[45923,18136]",1454.0,Unusable,Unusable,TURBT,True
AR,PURE01,"[46042,19722]",5961.0,Acceptable,Acceptable,TURBT,True
AR,PURE01,"[46160,21387]",2921.0,Acceptable,Acceptable,TURBT,True
AR,PURE01,"[46515,11411]",2833.0,Unusable,Unusable,TURBT,True
AR,PURE01,"[46555,13037]",6216.0,Acceptable,Acceptable,RC,True
AR,PURE01,"[46595,9785]",3597.0,Acceptable,Acceptable,TURBT,True
AR,PURE01,"[46654,14699]",319.0,Unusable,Unusable,RC,True
AR,PURE01,"[46874,8462]",1949.0,Unusable,Unusable,TURBT,True
AR,PURE01,"[46914,6915]",4720.0,Borderline,Borderline,TURBT,True
AR,PURE01,"[47112,10087]",6037.0,Acceptable,Acceptable,TURBT,True
AR,PURE01,"[47152,11713]",10407.0,Acceptable,Acceptable,TURBT,True
AR,PURE01,"[47271,13299]",4056.0,Acceptable,Acceptable,TURBT,True
AR,PURE01,"[47308,10353]",7675.0,Acceptable,Acceptable,TURBT,True
AR,PURE01,"[47308,12098]",10037.0,Acceptable,Acceptable,TURBT,True
AR,PURE01,"[47390,14924]",8613.0,Acceptable,Acceptable,TURBT,True
AR,PURE01,"[47548,16510]",10007.0,Acceptable,Acceptable,TURBT,True
AR,PURE01,"[47628,18136]",2135.0,Unusable,Unusable,TURBT,True
AR,PURE01,"[47707,19564]",6008.0,Borderline,Borderline,TURBT,True
AR,PURE01,"[47905,21229]",3811.0,Acceptable,Acceptable,TURBT,True
AR,PURE01,"[48181,11411]",3852.0,Acceptable,Acceptable,TURBT,True
AR,PURE01,"[48220,9785]",3307.0,Acceptable,Acceptable,TURBT,True
AR,PURE01,"[48260,13037]",4418.0,Acceptable,Acceptable,RC,True
AR,PURE01,"[48260,14662]",3649.0,Unusable,Unusable,RC,True
AR,PURE01,"[48619,6796]",3285.0,Acceptable,Acceptable,TURBT,True
AR,PURE01,"[48698,8303]",4446.0,Unusable,Unusable,TURBT,True
AR,PURE01,"[48777,9929]",1687.0,Unusable,Unusable,TURBT,True
AR,PURE01,"[48896,11554]",5448.0,Acceptable,Acceptable,TURBT,True
AR,PURE01,"[49013,12098]",7117.0,Borderline,Borderline,TURBT,True
AR,PURE01,"[49015,13140]",4952.0,Borderline,Borderline,TURBT,True
AR,PURE01,"[49093,10487]",6588.0,Acceptable,Acceptable,TURBT,True
AR,PURE01,"[49174,14766]",6369.0,Acceptable,Acceptable,TURBT,True
AR,PURE01,"[49293,16352]",7226.0,Acceptable,Acceptable,TURBT,True
AR,PURE01,"[49412,19484]",2337.0,Unusable,Unusable,TURBT,True
AR,PURE01,"[49925,11371]",3841.0,Acceptable,Acceptable,TURBT,True
AR,PURE01,"[49925,12997]",5008.0,Acceptable,Acceptable,RC,True
AR,PURE01,"[49965,9825]",2294.0,Unusable,Unusable,TURBT,True
AR,PURE01,"[50004,14583]",4379.0,Acceptable,Acceptable,RC,True
AR,PURE01,"[50443,8263]",6357.0,Acceptable,Acceptable,TURBT,True
AR,PURE01,"[50522,9810]",4617.0,Borderline,Borderline,TURBT,True
AR,PURE01,"[50681,11435]",7481.0,Acceptable,Acceptable,TURBT,True
AR,PURE01,"[50760,13021]",7473.0,Acceptable,Acceptable,TURBT,True
AR,PURE01,"[50879,14687]",5560.0,Acceptable,Acceptable,TURBT,True
AR,PURE01,"[50958,16312]",9527.0,Acceptable,Acceptable,TURBT,True
AR,PURE01,"[51077,17859]",590.0,Unusable,Unusable,TURBT,True
AR,PURE01,"[51196,19444]",6633.0,Acceptable,Acceptable,TURBT,True
AR,PURE01,"[51275,21030]",4741.0,Acceptable,Acceptable,TURBT,True
AR,PURE01,"[51590,9666]",2556.0,Unusable,Unusable,TURBT,True
AR,PURE01,"[51630,11371]",6357.0,Acceptable,Acceptable,TURBT,True
AR,PURE01,"[51670,14583]",2574.0,Unusable,Unusable,RC,True
AR,PURE01,"[51696,12815]",614.0,Unusable,Unusable,RC,True
AR,PURE01,"[52108,6558]",6084.0,Borderline,Borderline,TURBT,True
AR,PURE01,"[52227,9691]",6292.0,Acceptable,Acceptable,TURBT,True
AR,PURE01,"[52386,11396]",2471.0,Unusable,Unusable,TURBT,True
AR,PURE01,"[52544,12902]",4831.0,Unusable,Unusable,TURBT,True
AR,PURE01,"[52623,14488]",4964.0,Borderline,Borderline,TURBT,True
AR,PURE01,"[52703,16074]",4949.0,Unusable,Unusable,TURBT,True
AR,PURE01,"[52782,17700]",6990.0,Acceptable,Acceptable,TURBT,True
AR,PURE01,"[52901,19326]",9355.0,Acceptable,Acceptable,TURBT,True
AR,PURE01,"[53060,20912]",5786.0,Acceptable,Acceptable,TURBT,True
AR,PURE01,"[53256,9746]",5102.0,Borderline,Borderline,TURBT,True
AR,PURE01,"[53375,11371]",5622.0,Acceptable,Acceptable,TURBT,True
AR,PURE01,"[53375,12957]",4955.0,Acceptable,Acceptable,RC,True
AR,PURE01,"[53414,14504]",3786.0,Acceptable,Acceptable,RC,True
AR,PURE01,"[53734,6440]",9299.0,Acceptable,Acceptable,TURBT,True
AR,PURE01,"[54011,9611]",5854.0,Acceptable,Acceptable,TURBT,True
AR,PURE01,"[54090,11356]",3362.0,Unusable,Unusable,TURBT,True
AR,PURE01,"[54130,12744]",3103.0,Unusable,Unusable,TURBT,True
AR,PURE01,"[54328,14369]",5791.0,Acceptable,Acceptable,TURBT,True
AR,PURE01,"[54408,15995]",8208.0,Acceptable,Acceptable,TURBT,True
AR,PURE01,"[54527,17541]",772.0,Unusable,Unusable,TURBT,True
AR,PURE01,"[54646,19167]",7632.0,Acceptable,Acceptable,TURBT,True
AR,PURE01,"[55040,9746]",6427.0,Acceptable,Acceptable,TURBT,True
AR,PURE01,"[55080,12838]",2831.0,Acceptable,Acceptable,RC,True
AR,PURE01,"[55518,6360]",5804.0,Acceptable,Acceptable,TURBT,True
AR,PURE01,"[55558,7867]",3165.0,Unusable,Unusable,TURBT,True
AR,PURE01,"[55676,9453]",5034.0,Borderline,Borderline,TURBT,True
AR,PURE01,"[55875,12585]",4099.0,Unusable,Unusable,TURBT,True
AR,PURE01,"[56073,14211]",3522.0,Unusable,Unusable,TURBT,True
AR,PURE01,"[56113,15836]",7349.0,Acceptable,Acceptable,TURBT,True
AR,PURE01,"[56232,17462]",11076.0,Acceptable,Acceptable,TURBT,True
AR,PURE01,"[56350,19088]",6885.0,Acceptable,Acceptable,TURBT,True
AR,PURE01,"[56469,20713]",7868.0,Acceptable,Acceptable,TURBT,True
AR,PURE01,"[56705,9627]",3089.0,Unusable,Unusable,TURBT,True
AR,PURE01,"[56745,12918]",5819.0,Acceptable,Acceptable,RC,True
AR,PURE01,"[57223,6122]",8421.0,Acceptable,Acceptable,TURBT,True
AR,PURE01,"[57421,7748]",2318.0,Unusable,Unusable,TURBT,True
AR,PURE01,"[57461,9413]",5607.0,Acceptable,Acceptable,TURBT,True
AR,PURE01,"[57659,12506]",6440.0,Acceptable,Acceptable,TURBT,True
AR,PURE01,"[57778,14052]",720.0,Unusable,Unusable,TURBT,True
AR,PURE01,"[57897,15638]",6078.0,Unusable,Unusable,TURBT,True
AR,PURE01,"[58016,17304]",11609.0,Acceptable,Acceptable,TURBT,True
AR,PURE01,"[58135,18890]",3449.0,Acceptable,Acceptable,TURBT,True
AR,PURE01,"[58254,20555]",7414.0,Acceptable,Acceptable,TURBT,True
BT,NAC2020,"[37881,18781]",8124.0,Acceptable,Acceptable,TURBT,True
BT,NAC2020,"[37970,16975]",6436.0,Acceptable,Acceptable,TURBT,True
BT,NAC2020,"[38168,15399]",6979.0,Acceptable,Acceptable,TURBT,True
BT,NAC2020,"[38366,13565]",4170.0,Acceptable,Acceptable,TURBT,True
BT,NAC2020,"[38446,11900]",5438.0,Acceptable,Acceptable,TURBT,True
BT,NAC2020,"[38684,10234]",4893.0,Acceptable,Acceptable,TURBT,True
BT,NAC2020,"[38732,18365]",8809.0,Acceptable,Acceptable,RC,True
BT,NAC2020,"[38732,19990]",7864.0,Acceptable,Acceptable,RC,True
BT,NAC2020,"[38842,8529]",10950.0,Acceptable,Acceptable,TURBT,True
BT,NAC2020,"[39009,13607]",9060.0,Acceptable,Acceptable,TURBT,True
BT,NAC2020,"[39049,8888]",7730.0,Acceptable,Acceptable,TURBT,True
BT,NAC2020,"[39168,10474]",6284.0,Acceptable,Acceptable,TURBT,True
BT,NAC2020,"[39207,12021]",5657.0,Borderline,Borderline,TURBT,True
BT,NAC2020,"[39397,19036]",7798.0,Acceptable,Acceptable,TURBT,True
BT,NAC2020,"[39635,17212]",8653.0,Acceptable,Acceptable,TURBT,True
BT,NAC2020,"[39794,15468]",4351.0,Acceptable,Acceptable,TURBT,True
BT,NAC2020,"[39952,13763]",3750.0,Borderline,Borderline,TURBT,True
BT,NAC2020,"[40195,11984]",4775.0,Acceptable,Acceptable,TURBT,True
BT,NAC2020,"[40318,18325]",8594.0,Acceptable,Acceptable,RC,True
BT,NAC2020,"[40349,10314]",8397.0,Acceptable,Acceptable,TURBT,True
BT,NAC2020,"[40547,8569]",5966.0,Acceptable,Acceptable,TURBT,True
BT,NAC2020,"[40635,13567]",4731.0,Borderline,Borderline,TURBT,True
BT,NAC2020,"[40754,10474]",2510.0,Unusable,Unusable,TURBT,True
BT,NAC2020,"[40754,8809]",5203.0,Borderline,Borderline,TURBT,True
BT,NAC2020,"[41147,19220]",5323.0,Acceptable,Acceptable,TURBT,True
BT,NAC2020,"[41340,17332]",5244.0,Acceptable,Acceptable,TURBT,True
BT,NAC2020,"[41499,15587]",4852.0,Acceptable,Acceptable,TURBT,True
BT,NAC2020,"[41618,13922]",2480.0,Unusable,Unusable,TURBT,True
BT,NAC2020,"[41904,19911]",4262.0,Acceptable,Acceptable,RC,True
BT,NAC2020,"[41974,12177]",6024.0,Acceptable,Acceptable,TURBT,True
BT,NAC2020,"[41983,18246]",8703.0,Acceptable,Acceptable,RC,True
BT,NAC2020,"[42023,16541]",4393.0,Borderline,Borderline,TURBT,True
BT,NAC2020,"[42054,10432]",5816.0,Acceptable,Acceptable,TURBT,True
BT,NAC2020,"[42188,10318]",1085.0,Unusable,Unusable,TURBT,True
BT,NAC2020,"[42252,8728]",6738.0,Acceptable,Acceptable,TURBT,True
BT,NAC2020,"[42260,11902]",8328.0,Acceptable,Acceptable,TURBT,True
BT,NAC2020,"[42260,13607]",4649.0,Acceptable,Acceptable,TURBT,True
BT,NAC2020,"[42379,8690]",6396.0,Acceptable,Acceptable,TURBT,True
BT,NAC2020,"[42815,19324]",6753.0,Acceptable,Acceptable,TURBT,True
BT,NAC2020,"[43164,15864]",4981.0,Acceptable,Acceptable,TURBT,True
BT,NAC2020,"[43323,14080]",4917.0,Acceptable,Acceptable,TURBT,True
BT,NAC2020,"[43490,19990]",4445.0,Acceptable,Acceptable,RC,True
BT,NAC2020,"[43521,12336]",6193.0,Acceptable,Acceptable,TURBT,True
BT,NAC2020,"[43648,18246]",7181.0,Acceptable,Acceptable,RC,True
BT,NAC2020,"[43759,10591]",4254.0,Acceptable,Acceptable,TURBT,True
BT,NAC2020,"[43820,16656]",965.0,Unusable,Unusable,TURBT,True
BT,NAC2020,"[43846,13527]",7072.0,Acceptable,Acceptable,TURBT,True
BT,NAC2020,"[43846,15153]",1854.0,Unusable,Unusable,TURBT,True
BT,NAC2020,"[43886,11941]",7789.0,Acceptable,Acceptable,TURBT,True
BT,NAC2020,"[43917,8807]",7832.0,Acceptable,Acceptable,TURBT,True
BT,NAC2020,"[43965,10316]",2828.0,Unusable,Unusable,TURBT,True
BT,NAC2020,"[44005,8650]",4328.0,Unusable,Unusable,TURBT,True
BT,NAC2020,"[44517,19676]",8225.0,Acceptable,Acceptable,TURBT,True
BT,NAC2020,"[44591,17807]",11599.0,Acceptable,Acceptable,TURBT,True
BT,NAC2020,"[44869,16102]",5390.0,Acceptable,Acceptable,TURBT,True
BT,NAC2020,"[45094,14212]",6183.0,Acceptable,Acceptable,TURBT,True
BT,NAC2020,"[45186,12455]",12415.0,Acceptable,Acceptable,TURBT,True
BT,NAC2020,"[45274,18325]",4451.0,Acceptable,Acceptable,RC,True
BT,NAC2020,"[45274,19911]",5425.0,Acceptable,Acceptable,RC,True
BT,NAC2020,"[45472,13488]",4032.0,Unusable,Unusable,TURBT,True
BT,NAC2020,"[45472,15074]",3020.0,Unusable,Unusable,TURBT,True
BT,NAC2020,"[45503,10670]",4249.0,Unusable,Unusable,TURBT,True
BT,NAC2020,"[45583,8965]",8564.0,Acceptable,Acceptable,TURBT,True
BT,NAC2020,"[45591,11783]",1081.0,Unusable,Unusable,TURBT,True
BT,NAC2020,"[45670,10236]",5311.0,Acceptable,Acceptable,TURBT,True
BT,NAC2020,"[45670,8532]",7144.0,Acceptable,Acceptable,TURBT,True
BT,NAC2020,"[46336,17887]",7259.0,Acceptable,Acceptable,TURBT,True
BT,NAC2020,"[46362,19910]",7947.0,Acceptable,Acceptable,TURBT,True
BT,NAC2020,"[46574,16221]",6400.0,Acceptable,Acceptable,TURBT,True
BT,NAC2020,"[46732,14397]",3376.0,Unusable,Unusable,TURBT,True
BT,NAC2020,"[46900,20030]",5489.0,Acceptable,Acceptable,RC,True
BT,NAC2020,"[46970,12534]",12099.0,Acceptable,Acceptable,TURBT,True
BT,NAC2020,"[47018,18365]",6810.0,Acceptable,Acceptable,RC,True
BT,NAC2020,"[47089,10869]",3382.0,Unusable,Unusable,TURBT,True
BT,NAC2020,"[47098,11822]",3193.0,Unusable,Unusable,TURBT,True
BT,NAC2020,"[47098,13448]",3872.0,Borderline,Borderline,TURBT,True
BT,NAC2020,"[47098,15113]",5604.0,Acceptable,Acceptable,TURBT,True
BT,NAC2020,"[47288,9084]",7680.0,Acceptable,Acceptable,TURBT,True
BT,NAC2020,"[48001,19988]",8492.0,Acceptable,Acceptable,TURBT,True
BT,NAC2020,"[48120,18164]",7461.0,Acceptable,Acceptable,TURBT,True
BT,NAC2020,"[48279,16301]",7703.0,Acceptable,Acceptable,TURBT,True
BT,NAC2020,"[48437,14477]",9160.0,Acceptable,Acceptable,TURBT,True
BT,NAC2020,"[48675,12692]",7772.0,Acceptable,Acceptable,TURBT,True
BT,NAC2020,"[48723,19871]",6219.0,Acceptable,Acceptable,RC,True
BT,NAC2020,"[48755,11067]",6904.0,Acceptable,Acceptable,TURBT,True
BT,NAC2020,"[48763,16739]",3381.0,Borderline,Borderline,TURBT,True
BT,NAC2020,"[48842,11783]",2537.0,Unusable,Unusable,TURBT,True
BT,NAC2020,"[48882,13369]",5556.0,Acceptable,Acceptable,TURBT,True
BT,NAC2020,"[48882,15074]",6327.0,Acceptable,Acceptable,TURBT,True
BT,NAC2020,"[48953,9362]",6737.0,Acceptable,Acceptable,TURBT,True
BT,NAC2020,"[49001,8413]",5689.0,Acceptable,Acceptable,TURBT,True
BT,NAC2020,"[49627,19948]",8449.0,Acceptable,Acceptable,TURBT,True
BT,NAC2020,"[49825,18204]",8763.0,Acceptable,Acceptable,TURBT,True
BT,NAC2020,"[50063,16459]",6566.0,Acceptable,Acceptable,TURBT,True
BT,NAC2020,"[50103,14715]",6878.0,Borderline,Borderline,TURBT,True
BT,NAC2020,"[50301,12930]",9230.0,Acceptable,Acceptable,TURBT,True
BT,NAC2020,"[50389,19911]",7225.0,Acceptable,Acceptable,RC,True
BT,NAC2020,"[50460,11186]",4913.0,Acceptable,Acceptable,TURBT,True
BT,NAC2020,"[50468,16779]",6894.0,Acceptable,Acceptable,TURBT,True
BT,NAC2020,"[50539,9481]",5767.0,Acceptable,Acceptable,TURBT,True
BT,NAC2020,"[50547,11783]",6356.0,Acceptable,Acceptable,TURBT,True
BT,NAC2020,"[50587,13448]",3027.0,Unusable,Unusable,TURBT,True
BT,NAC2020,"[50587,15113]",4991.0,Acceptable,Acceptable,TURBT,True
BT,NAC2020,"[50706,8532]",3983.0,Unusable,Unusable,TURBT,True
BT,NAC2020,"[51372,19988]",5335.0,Acceptable,Acceptable,TURBT,True
BT,NAC2020,"[51451,18243]",5579.0,Acceptable,Acceptable,TURBT,True
BT,NAC2020,"[51689,16538]",5864.0,Acceptable,Acceptable,TURBT,True
BT,NAC2020,"[51847,14834]",8425.0,Acceptable,Acceptable,TURBT,True
BT,NAC2020,"[52006,13089]",4909.0,Borderline,Borderline,TURBT,True
BT,NAC2020,"[52133,18365]",6034.0,Acceptable,Acceptable,RC,True
BT,NAC2020,"[52133,19951]",8451.0,Acceptable,Acceptable,RC,True
BT,NAC2020,"[52164,11424]",7260.0,Acceptable,Acceptable,TURBT,True
BT,NAC2020,"[52164,9639]",4541.0,Acceptable,Acceptable,TURBT,True
BT,NAC2020,"[52212,16818]",4541.0,Borderline,Borderline,TURBT,True
BT,NAC2020,"[52252,13448]",3941.0,Acceptable,Acceptable,TURBT,True
BT,NAC2020,"[52292,11783]",2075.0,Unusable,Unusable,TURBT,True
BT,NAC2020,"[53037,20028]",5339.0,Acceptable,Acceptable,TURBT,True
BT,NAC2020,"[53275,18323]",5551.0,Acceptable,Acceptable,TURBT,True
BT,NAC2020,"[53394,16658]",6296.0,Acceptable,Acceptable,TURBT,True
BT,NAC2020,"[53592,14992]",7695.0,Acceptable,Acceptable,TURBT,True
BT,NAC2020,"[53671,13287]",4494.0,Unusable,Unusable,TURBT,True
BT,NAC2020,"[53798,18444]",5376.0,Acceptable,Acceptable,RC,True
BT,NAC2020,"[53830,11503]",7236.0,Acceptable,Acceptable,TURBT,True
BT,NAC2020,"[53830,9798]",4643.0,Acceptable,Acceptable,TURBT,True
BT,NAC2020,"[53838,15193]",4518.0,Unusable,Unusable,TURBT,True
BT,NAC2020,"[53838,20030]",7534.0,Acceptable,Acceptable,RC,True
BT,NAC2020,"[53878,11822]",3741.0,Acceptable,Acceptable,TURBT,True
BT,NAC2020,"[53878,13488]",4973.0,Acceptable,Acceptable,TURBT,True
BT,NAC2020,"[53917,10157]",3054.0,Unusable,Unusable,TURBT,True
BT,NAC2020,"[53957,8532]",6536.0,Acceptable,Acceptable,TURBT,True
BT,NAC2020,"[54900,19988]",6962.0,Unusable,Unusable,TURBT,True
BT,NAC2020,"[55059,18402]",7245.0,Acceptable,Acceptable,TURBT,True
BT,NAC2020,"[55218,16737]",7421.0,Acceptable,Acceptable,TURBT,True
BT,NAC2020,"[55297,15032]",5943.0,Acceptable,Acceptable,TURBT,True
BT,NAC2020,"[55416,13372]",7624.0,Acceptable,Acceptable,TURBT,True
BT,NAC2020,"[55424,18404]",5645.0,Acceptable,Acceptable,RC,True
BT,NAC2020,"[55424,19990]",5916.0,Acceptable,Acceptable,RC,True
BT,NAC2020,"[55495,11662]",7066.0,Acceptable,Acceptable,TURBT,True
BT,NAC2020,"[55503,11822]",4199.0,Borderline,Borderline,TURBT,True
BT,NAC2020,"[55503,15193]",3396.0,Acceptable,Acceptable,TURBT,True
BT,NAC2020,"[55503,16779]",3720.0,Acceptable,Acceptable,TURBT,True
BT,NAC2020,"[55535,9957]",6019.0,Acceptable,Acceptable,TURBT,True
BT,NAC2020,"[55543,10118]",6973.0,Acceptable,Acceptable,TURBT,True
BT,NAC2020,"[55543,13527]",664.0,Unusable,Unusable,TURBT,True
BT,NAC2020,"[55622,8452]",5619.0,Acceptable,Acceptable,TURBT,True
BT,NAC2020,"[56719,20050]",7331.0,Borderline,Borderline,TURBT,True
BT,NAC2020,"[56883,18442]",8181.0,Acceptable,Acceptable,TURBT,True
BT,NAC2020,"[56891,20070]",4774.0,Borderline,Borderline,RC,True
BT,NAC2020,"[57002,16776]",6873.0,Acceptable,Acceptable,TURBT,True
BT,NAC2020,"[57041,15151]",7270.0,Acceptable,Acceptable,TURBT,True
BT,NAC2020,"[57089,18404]",5182.0,Acceptable,Acceptable,RC,True
BT,NAC2020,"[57129,13567]",4099.0,Unusable,Unusable,TURBT,True
BT,NAC2020,"[57160,11701]",7031.0,Acceptable,Acceptable,TURBT,True
BT,NAC2020,"[57178,13542]",7319.0,Acceptable,Acceptable,TURBT,True
BT,NAC2020,"[57200,10115]",6449.0,Acceptable,Acceptable,TURBT,True
BT,NAC2020,"[57208,11902]",4754.0,Borderline,Borderline,TURBT,True
BT,NAC2020,"[57208,15232]",8640.0,Acceptable,Acceptable,TURBT,True
BT,NAC2020,"[57248,10197]",4685.0,Acceptable,Acceptable,TURBT,True
BT,NAC2020,"[57288,8492]",6036.0,Acceptable,Acceptable,TURBT,True
BT,NAC2020,"[58675,18563]",5051.0,Acceptable,Acceptable,RC,True
BT,NAC2020,"[58834,15153]",4359.0,Acceptable,Acceptable,TURBT,True
BT,NAC2020,"[58874,13527]",3955.0,Borderline,Borderline,TURBT,True
BT,NAC2020,"[58913,11822]",1622.0,Unusable,Unusable,TURBT,True
BT,NAC2020,"[59032,10197]",6478.0,Acceptable,Acceptable,TURBT,True
BT,NAC2020,"[60460,16937]",9332.0,Acceptable,Acceptable,TURBT,True
BT,NAC2020,"[60499,11862]",983.0,Unusable,Unusable,TURBT,True
BT,NAC2020,"[60499,15232]",6490.0,Acceptable,Acceptable,TURBT,True
BT,NAC2020,"[60579,13527]",6425.0,Acceptable,Acceptable,TURBT,True
BT,NAC2020,"[60698,10118]",5393.0,Acceptable,Acceptable,TURBT,True
BT,No-NAC,"[37542,17408]",4979.0,Acceptable,Acceptable,TURBT,True
BT,No-NAC,"[37542,9042]",7907.0,Acceptable,Acceptable,TURBT,True
BT,No-NAC,"[37581,14077]",5350.0,Acceptable,Acceptable,TURBT,True
BT,No-NAC,"[37581,15742]",5383.0,Acceptable,Acceptable,TURBT,True
BT,No-NAC,"[37604,20642]",2400.0,Unusable,Unusable,TURBT,True
BT,No-NAC,"[37621,10707]",3656.0,Acceptable,Acceptable,TURBT,True
BT,No-NAC,"[37643,18778]",2457.0,Unusable,Unusable,TURBT,True
BT,No-NAC,"[37740,7495]",3746.0,Unusable,Unusable,TURBT,True
BT,No-NAC,"[39128,19192]",6537.0,Acceptable,Acceptable,TURBT,True
BT,No-NAC,"[39130,20619]",8150.0,Acceptable,Acceptable,RC,True
BT,No-NAC,"[39167,17447]",6341.0,Acceptable,Acceptable,TURBT,True
BT,No-NAC,"[39169,18914]",4596.0,Acceptable,Acceptable,RC,True
BT,No-NAC,"[39207,14077]",4225.0,Acceptable,Acceptable,TURBT,True
BT,No-NAC,"[39207,15782]",6238.0,Acceptable,Acceptable,TURBT,True
BT,No-NAC,"[39207,20817]",4153.0,Acceptable,Acceptable,TURBT,True
BT,No-NAC,"[39212,12266]",1148.0,Unusable,Unusable,TURBT,True
BT,No-NAC,"[39247,10746]",4025.0,Acceptable,Acceptable,TURBT,True
BT,No-NAC,"[39247,9002]",5310.0,Unusable,Unusable,TURBT,True
BT,No-NAC,"[39368,17249]",6251.0,Acceptable,Acceptable,RC,True
BT,No-NAC,"[39405,7416]",3777.0,Acceptable,Acceptable,TURBT,True
BT,No-NAC,"[39563,15596]",4393.0,Acceptable,Acceptable,RC,True
BT,No-NAC,"[39734,13772]",5101.0,Acceptable,Acceptable,Unknown,False
BT,No-NAC,"[39764,11936]",7404.0,Acceptable,Acceptable,TURBT,True
BT,No-NAC,"[40002,10231]",5928.0,Borderline,Borderline,TURBT,True
BT,No-NAC,"[40081,8565]",8091.0,Acceptable,Acceptable,TURBT,True
BT,No-NAC,"[40280,6781]",8484.0,Acceptable,Acceptable,TURBT,True
BT,No-NAC,"[40518,5155]",3892.0,Acceptable,Acceptable,TURBT,True
BT,No-NAC,"[40795,20698]",6616.0,Acceptable,Acceptable,RC,True
BT,No-NAC,"[40872,15782]",4582.0,Acceptable,Acceptable,TURBT,True
BT,No-NAC,"[40872,19152]",7529.0,Acceptable,Acceptable,TURBT,True
BT,No-NAC,"[40912,14077]",1807.0,Acceptable,Acceptable,TURBT,True
BT,No-NAC,"[40912,17487]",10987.0,Acceptable,Acceptable,TURBT,True
BT,No-NAC,"[40912,20897]",7518.0,Acceptable,Acceptable,TURBT,True
BT,No-NAC,"[40914,19033]",6526.0,Acceptable,Acceptable,RC,True
BT,No-NAC,"[40991,12451]",2981.0,Unusable,Unusable,TURBT,True
BT,No-NAC,"[41031,10746]",6529.0,Acceptable,Acceptable,TURBT,True
BT,No-NAC,"[41033,17328]",7474.0,Acceptable,Acceptable,RC,True
BT,No-NAC,"[41071,9081]",4868.0,Acceptable,Acceptable,TURBT,True
BT,No-NAC,"[41150,7456]",5536.0,Acceptable,Acceptable,TURBT,True
BT,No-NAC,"[41192,15623]",4738.0,Acceptable,Acceptable,RC,True
BT,No-NAC,"[41310,13878]",4604.0,Acceptable,Acceptable,Unknown,False
BT,No-NAC,"[41509,12094]",6969.0,Acceptable,Acceptable,TURBT,True
BT,No-NAC,"[41707,10310]",6275.0,Unusable,Unusable,TURBT,True
BT,No-NAC,"[41866,8605]",6800.0,Acceptable,Acceptable,TURBT,True
BT,No-NAC,"[42064,6860]",3639.0,Acceptable,Acceptable,TURBT,True
BT,No-NAC,"[42341,5195]",5940.0,Acceptable,Acceptable,TURBT,True
BT,No-NAC,"[42538,20857]",7889.0,Acceptable,Acceptable,TURBT,True
BT,No-NAC,"[42577,19152]",8566.0,Acceptable,Acceptable,TURBT,True
BT,No-NAC,"[42579,20817]",3440.0,Acceptable,Acceptable,RC,True
BT,No-NAC,"[42617,15861]",3650.0,Acceptable,Acceptable,TURBT,True
BT,No-NAC,"[42634,12340]",1871.0,Unusable,Unusable,TURBT,True
BT,No-NAC,"[42656,14156]",4064.0,Acceptable,Acceptable,TURBT,True
BT,No-NAC,"[42656,17526]",6513.0,Acceptable,Acceptable,TURBT,True
BT,No-NAC,"[42659,19152]",6219.0,Acceptable,Acceptable,RC,True
BT,No-NAC,"[42736,10826]",3997.0,Unusable,Unusable,TURBT,True
BT,No-NAC,"[42778,17447]",5637.0,Acceptable,Acceptable,RC,True
BT,No-NAC,"[42815,9121]",3297.0,Acceptable,Acceptable,TURBT,True
BT,No-NAC,"[42894,7535]",4999.0,Acceptable,Acceptable,TURBT,True
BT,No-NAC,"[42936,15702]",6407.0,Acceptable,Acceptable,RC,True
BT,No-NAC,"[43095,14037]",3842.0,Acceptable,Acceptable,RC,True
BT,No-NAC,"[43214,12292]",5824.0,Acceptable,Acceptable,TURBT,True
BT,No-NAC,"[43543,10535]",4799.0,Acceptable,Acceptable,TURBT,True
BT,No-NAC,"[43647,8632]",2848.0,Unusable,Unusable,TURBT,True
BT,No-NAC,"[43888,7059]",2891.0,Unusable,Unusable,TURBT,True
BT,No-NAC,"[44007,5314]",4442.0,Acceptable,Acceptable,TURBT,True
BT,No-NAC,"[44205,21015]",4395.0,Acceptable,Acceptable,RC,True
BT,No-NAC,"[44242,20857]",7172.0,Acceptable,Acceptable,TURBT,True
BT,No-NAC,"[44282,17487]",4628.0,Acceptable,Acceptable,TURBT,True
BT,No-NAC,"[44282,19192]",5461.0,Borderline,Borderline,TURBT,True
BT,No-NAC,"[44362,14196]",3348.0,Acceptable,Acceptable,TURBT,True
BT,No-NAC,"[44362,15861]",3047.0,Acceptable,Acceptable,TURBT,True
BT,No-NAC,"[44364,19310]",5256.0,Acceptable,Acceptable,RC,True
BT,No-NAC,"[44480,10865]",4942.0,Acceptable,Acceptable,TURBT,True
BT,No-NAC,"[44480,12531]",4015.0,Unusable,Unusable,TURBT,True
BT,No-NAC,"[44480,9160]",4671.0,Acceptable,Acceptable,TURBT,True
BT,No-NAC,"[44562,17605]",5082.0,Acceptable,Acceptable,RC,True
BT,No-NAC,"[44599,7535]",6135.0,Borderline,Borderline,TURBT,True
BT,No-NAC,"[44681,15861]",5135.0,Acceptable,Acceptable,RC,True
BT,No-NAC,"[44839,14156]",3430.0,Acceptable,Acceptable,RC,True
BT,No-NAC,"[44998,12372]",5342.0,Borderline,Borderline,TURBT,True
BT,No-NAC,"[45156,10627]",5884.0,Acceptable,Acceptable,TURBT,True
BT,No-NAC,"[45315,8922]",5552.0,Acceptable,Acceptable,TURBT,True
BT,No-NAC,"[45553,7138]",8103.0,Acceptable,Acceptable,TURBT,True
BT,No-NAC,"[45791,5274]",5786.0,Acceptable,Acceptable,TURBT,True
BT,No-NAC,"[45987,15916]",1693.0,Unusable,Unusable,TURBT,True
BT,No-NAC,"[45987,19232]",6272.0,Acceptable,Acceptable,TURBT,True
BT,No-NAC,"[46027,20936]",5561.0,Acceptable,Acceptable,TURBT,True
BT,No-NAC,"[46029,21214]",5422.0,Acceptable,Acceptable,RC,True
BT,No-NAC,"[46066,14236]",7617.0,Acceptable,Acceptable,TURBT,True
BT,No-NAC,"[46094,17532]",1143.0,Unusable,Unusable,TURBT,True
BT,No-NAC,"[46108,19429]",2158.0,Acceptable,Acceptable,RC,True
BT,No-NAC,"[46146,12570]",5249.0,Acceptable,Acceptable,TURBT,True
BT,No-NAC,"[46185,10945]",5094.0,Acceptable,Acceptable,TURBT,True
BT,No-NAC,"[46185,9240]",8911.0,Acceptable,Acceptable,TURBT,True
BT,No-NAC,"[46267,17645]",3152.0,Unusable,Unusable,RC,True
BT,No-NAC,"[46344,7575]",4871.0,Acceptable,Acceptable,TURBT,True
BT,No-NAC,"[46425,15940]",5487.0,Acceptable,Acceptable,RC,True
BT,No-NAC,"[46584,14275]",6920.0,Acceptable,Acceptable,RC,True
BT,No-NAC,"[46742,12491]",5791.0,Acceptable,Acceptable,TURBT,True
BT,No-NAC,"[46901,10786]",8120.0,Acceptable,Acceptable,TURBT,True
BT,No-NAC,"[47060,9001]",5021.0,Acceptable,Acceptable,TURBT,True
BT,No-NAC,"[47298,7178]",5527.0,Acceptable,Acceptable,TURBT,True
BT,No-NAC,"[47496,5433]",5715.0,Acceptable,Acceptable,TURBT,True
BT,No-NAC,"[47652,19271]",5999.0,Acceptable,Acceptable,TURBT,True
BT,No-NAC,"[47692,20897]",4688.0,Acceptable,Acceptable,TURBT,True
BT,No-NAC,"[47732,17606]",7067.0,Acceptable,Acceptable,TURBT,True
BT,No-NAC,"[47771,15941]",6720.0,Acceptable,Acceptable,TURBT,True
BT,No-NAC,"[47773,21332]",4556.0,Acceptable,Acceptable,RC,True
BT,No-NAC,"[47811,14275]",5894.0,Acceptable,Acceptable,TURBT,True
BT,No-NAC,"[47851,12610]",4172.0,Acceptable,Acceptable,TURBT,True
BT,No-NAC,"[47853,19588]",5550.0,Acceptable,Acceptable,RC,True
BT,No-NAC,"[47890,10945]",5221.0,Acceptable,Acceptable,TURBT,True
BT,No-NAC,"[47930,9240]",6376.0,Acceptable,Acceptable,TURBT,True
BT,No-NAC,"[48011,17804]",5217.0,Acceptable,Acceptable,RC,True
BT,No-NAC,"[48049,7575]",4613.0,Acceptable,Acceptable,TURBT,True
BT,No-NAC,"[48170,16099]",4858.0,Unusable,Unusable,RC,True
BT,No-NAC,"[48368,14394]",7020.0,Acceptable,Acceptable,RC,True
BT,No-NAC,"[48487,12649]",4983.0,Acceptable,Acceptable,TURBT,True
BT,No-NAC,"[48646,10865]",5991.0,Acceptable,Acceptable,TURBT,True
BT,No-NAC,"[48804,9120]",5296.0,Acceptable,Acceptable,TURBT,True
BT,No-NAC,"[49042,7257]",5284.0,Unusable,Unusable,TURBT,True
BT,No-NAC,"[49201,5473]",5654.0,Acceptable,Acceptable,TURBT,True
BT,No-NAC,"[49397,19350]",7569.0,Acceptable,Acceptable,TURBT,True
BT,No-NAC,"[49397,20897]",2813.0,Unusable,Unusable,TURBT,True
BT,No-NAC,"[49437,16060]",7752.0,Acceptable,Acceptable,TURBT,True
BT,No-NAC,"[49476,14315]",5826.0,Acceptable,Acceptable,TURBT,True
BT,No-NAC,"[49476,17646]",5594.0,Acceptable,Acceptable,TURBT,True
BT,No-NAC,"[49478,21412]",3639.0,Acceptable,Acceptable,RC,True
BT,No-NAC,"[49558,19707]",5039.0,Acceptable,Acceptable,RC,True
BT,No-NAC,"[49595,12610]",4799.0,Borderline,Borderline,TURBT,True
BT,No-NAC,"[49635,10984]",6382.0,Acceptable,Acceptable,TURBT,True
BT,No-NAC,"[49714,7654]",4742.0,Acceptable,Acceptable,TURBT,True
BT,No-NAC,"[49756,17962]",6483.0,Acceptable,Acceptable,RC,True
BT,No-NAC,"[49875,16257]",6628.0,Acceptable,Acceptable,RC,True
BT,No-NAC,"[50150,14666]",2737.0,Acceptable,Acceptable,RC,True
BT,No-NAC,"[50232,12808]",4695.0,Acceptable,Acceptable,TURBT,True
BT,No-NAC,"[50351,11024]",5182.0,Unusable,Unusable,TURBT,True
BT,No-NAC,"[50588,9239]",8137.0,Acceptable,Acceptable,TURBT,True
BT,No-NAC,"[50747,7455]",8414.0,Acceptable,Acceptable,TURBT,True
BT,No-NAC,"[50995,5567]",2647.0,Acceptable,Acceptable,TURBT,True
BT,No-NAC,"[51102,19311]",6291.0,Acceptable,Acceptable,TURBT,True
BT,No-NAC,"[51102,20897]",6185.0,Acceptable,Acceptable,TURBT,True
BT,No-NAC,"[51144,21531]",4239.0,Acceptable,Acceptable,RC,True
BT,No-NAC,"[51181,17571]",6241.0,Unusable,Unusable,TURBT,True
BT,No-NAC,"[51221,16060]",5666.0,Acceptable,Acceptable,TURBT,True
BT,No-NAC,"[51260,12650]",4645.0,Acceptable,Acceptable,TURBT,True
BT,No-NAC,"[51260,14355]",9845.0,Acceptable,Acceptable,TURBT,True
BT,No-NAC,"[51302,19826]",5663.0,Acceptable,Acceptable,RC,True
BT,No-NAC,"[51340,11064]",5634.0,Acceptable,Acceptable,TURBT,True
BT,No-NAC,"[51380,7733]",6894.0,Acceptable,Acceptable,TURBT,True
BT,No-NAC,"[51419,9359]",5029.0,Acceptable,Acceptable,TURBT,True
BT,No-NAC,"[51500,18081]",5142.0,Acceptable,Acceptable,RC,True
BT,No-NAC,"[51659,16376]",6370.0,Acceptable,Acceptable,RC,True
BT,No-NAC,"[51778,14751]",5345.0,Acceptable,Acceptable,RC,True
BT,No-NAC,"[52016,12927]",4411.0,Acceptable,Acceptable,TURBT,True
BT,No-NAC,"[52174,11142]",7551.0,Acceptable,Acceptable,TURBT,True
BT,No-NAC,"[52333,9358]",5059.0,Acceptable,Acceptable,TURBT,True
BT,No-NAC,"[52452,7653]",7267.0,Acceptable,Acceptable,TURBT,True
BT,No-NAC,"[52650,5829]",6407.0,Acceptable,Acceptable,TURBT,True
BT,No-NAC,"[52690,21808]",4551.0,Acceptable,Acceptable,RC,True
BT,No-NAC,"[52807,19232]",5039.0,Unusable,Unusable,TURBT,True
BT,No-NAC,"[52846,21055]",6976.0,Acceptable,Acceptable,TURBT,True
BT,No-NAC,"[52886,16020]",5558.0,Acceptable,Acceptable,TURBT,True
BT,No-NAC,"[52926,17725]",9530.0,Acceptable,Acceptable,TURBT,True
BT,No-NAC,"[53005,11024]",7115.0,Borderline,Borderline,TURBT,True
BT,No-NAC,"[53005,12689]",3310.0,Borderline,Borderline,TURBT,True
BT,No-NAC,"[53007,19984]",6685.0,Acceptable,Acceptable,RC,True
BT,No-NAC,"[53084,9438]",5223.0,Borderline,Borderline,TURBT,True
BT,No-NAC,"[53124,7773]",7632.0,Acceptable,Acceptable,TURBT,True
BT,No-NAC,"[53166,18200]",5101.0,Acceptable,Acceptable,RC,True
BT,No-NAC,"[53176,14441]",6540.0,Borderline,Borderline,TURBT,True
BT,No-NAC,"[53404,16456]",5074.0,Acceptable,Acceptable,RC,True
BT,No-NAC,"[53602,14790]",7951.0,Acceptable,Acceptable,RC,True
BT,No-NAC,"[53959,11420]",7301.0,Acceptable,Acceptable,TURBT,True
BT,No-NAC,"[54038,9557]",6548.0,Acceptable,Acceptable,TURBT,True
BT,No-NAC,"[54197,7772]",2618.0,Unusable,Unusable,TURBT,True
BT,No-NAC,"[54395,5988]",7733.0,Acceptable,Acceptable,TURBT,True
BT,No-NAC,"[54591,19390]",8344.0,Acceptable,Acceptable,TURBT,True
BT,No-NAC,"[54631,16020]",7293.0,Acceptable,Acceptable,TURBT,True
BT,No-NAC,"[54634,21768]",5715.0,Acceptable,Acceptable,RC,True
BT,No-NAC,"[54670,11143]",4660.0,Acceptable,Acceptable,TURBT,True
BT,No-NAC,"[54670,14434]",5257.0,Acceptable,Acceptable,TURBT,True
BT,No-NAC,"[54670,17725]",4170.0,Acceptable,Acceptable,TURBT,True
BT,No-NAC,"[54710,12769]",6056.0,Acceptable,Acceptable,TURBT,True
BT,No-NAC,"[54829,7773]",7080.0,Acceptable,Acceptable,TURBT,True
BT,No-NAC,"[54829,9478]",6555.0,Acceptable,Acceptable,TURBT,True
BT,No-NAC,"[54831,20103]",5338.0,Acceptable,Acceptable,RC,True
BT,No-NAC,"[55029,18319]",3217.0,Acceptable,Acceptable,RC,True
BT,No-NAC,"[55228,16574]",4768.0,Acceptable,Acceptable,RC,True
BT,No-NAC,"[55386,14870]",7171.0,Acceptable,Acceptable,RC,True
BT,No-NAC,"[55624,11499]",5747.0,Unusable,Unusable,TURBT,True
BT,No-NAC,"[55822,9755]",5808.0,Acceptable,Acceptable,TURBT,True
BT,No-NAC,"[55941,7931]",3814.0,Unusable,Unusable,TURBT,True
BT,No-NAC,"[56217,17685]",4441.0,Acceptable,Acceptable,TURBT,True
BT,No-NAC,"[56336,16139]",7513.0,Acceptable,Acceptable,TURBT,True
BT,No-NAC,"[56336,19350]",3970.0,Unusable,Unusable,TURBT,True
BT,No-NAC,"[56375,12526]",1564.0,Unusable,Unusable,TURBT,True
BT,No-NAC,"[56415,11143]",4701.0,Acceptable,Acceptable,TURBT,True
BT,No-NAC,"[56455,14474]",3565.0,Acceptable,Acceptable,TURBT,True
BT,No-NAC,"[56534,7892]",7430.0,Acceptable,Acceptable,TURBT,True
BT,No-NAC,"[56534,9517]",4564.0,Unusable,Unusable,TURBT,True
BT,No-NAC,"[56615,20064]",4727.0,Acceptable,Acceptable,RC,True
BT,No-NAC,"[56774,18398]",5590.0,Acceptable,Acceptable,RC,True
BT,No-NAC,"[56972,16733]",6399.0,Acceptable,Acceptable,RC,True
BT,No-NAC,"[57131,15028]",4197.0,Acceptable,Acceptable,RC,True
BT,No-NAC,"[57408,11658]",7299.0,Acceptable,Acceptable,TURBT,True
BT,No-NAC,"[57567,9874]",6094.0,Acceptable,Acceptable,TURBT,True
BT,No-NAC,"[57686,8050]",5245.0,Acceptable,Acceptable,TURBT,True
BT,No-NAC,"[57884,6305]",3528.0,Acceptable,Acceptable,TURBT,True
BT,No-NAC,"[58041,14474]",9347.0,Acceptable,Acceptable,TURBT,True
BT,No-NAC,"[58041,16139]",7886.0,Acceptable,Acceptable,TURBT,True
BT,No-NAC,"[58080,12808]",5856.0,Acceptable,Acceptable,TURBT,True
BT,No-NAC,"[58160,11262]",6911.0,Acceptable,Acceptable,TURBT,True
BT,No-NAC,"[58199,9557]",7434.0,Acceptable,Acceptable,TURBT,True
BT,No-NAC,"[58239,7931]",4622.0,Acceptable,Acceptable,TURBT,True
BT,No-NAC,"[58400,20143]",5121.0,Acceptable,Acceptable,RC,True
BT,No-NAC,"[58558,18478]",5500.0,Acceptable,Acceptable,RC,True
BT,No-NAC,"[58717,16812]",5687.0,Acceptable,Acceptable,RC,True
BT,No-NAC,"[58940,15236]",3989.0,Acceptable,Acceptable,RC,True
BT,No-NAC,"[59192,11777]",6648.0,Acceptable,Acceptable,TURBT,True
BT,No-NAC,"[59391,10191]",5609.0,Borderline,Borderline,TURBT,True
BT,No-NAC,"[59549,8407]",6205.0,Acceptable,Acceptable,TURBT,True
BT,No-NAC,"[59706,19390]",5927.0,Acceptable,Acceptable,TURBT,True
BT,No-NAC,"[59785,14553]",6132.0,Acceptable,Acceptable,TURBT,True
BT,No-NAC,"[59785,16178]",7170.0,Acceptable,Acceptable,TURBT,True
BT,No-NAC,"[59825,12843]",7504.0,Acceptable,Acceptable,TURBT,True
BT,No-NAC,"[59904,9517]",4876.0,Unusable,Unusable,TURBT,True
BT,No-NAC,"[59944,11262]",5560.0,Acceptable,Acceptable,TURBT,True
BT,No-NAC,"[60063,7971]",8051.0,Acceptable,Acceptable,TURBT,True
BT,No-NAC,"[60184,20183]",6737.0,Acceptable,Acceptable,RC,True
BT,No-NAC,"[60382,18597]",8418.0,Acceptable,Acceptable,RC,True
BT,No-NAC,"[60501,16892]",5170.0,Acceptable,Acceptable,RC,True
BT,No-NAC,"[60778,15266]",4562.0,Acceptable,Acceptable,RC,True
BT,No-NAC,"[61016,11975]",7128.0,Acceptable,Acceptable,TURBT,True
BT,No-NAC,"[61215,10310]",7798.0,Acceptable,Acceptable,TURBT,True
BT,No-NAC,"[61294,8645]",1892.0,Unusable,Unusable,TURBT,True
BT,No-NAC,"[61373,6940]",5896.0,Acceptable,Acceptable,TURBT,True
BT,No-NAC,"[62087,20262]",5524.0,Acceptable,Acceptable,RC,True
BT,No-NAC,"[62166,18597]",7315.0,Acceptable,Acceptable,RC,True
BT,No-NAC,"[62325,16931]",4365.0,Acceptable,Acceptable,RC,True
BT,No-NAC,"[62523,15345]",5673.0,Acceptable,Acceptable,RC,True
BT,No-NAC,"[62840,12094]",6521.0,Acceptable,Acceptable,TURBT,True
BT,No-NAC,"[63038,10508]",4926.0,Acceptable,Acceptable,TURBT,True
BT,No-NAC,"[63158,8882]",4670.0,Acceptable,Acceptable,TURBT,True
BT,No-NAC,"[63276,7178]",6901.0,Acceptable,Acceptable,TURBT,True
BT,PURE01,"[33727,20101]",5090.0,Borderline,Borderline,TURBT,True
BT,PURE01,"[33925,18396]",4059.0,Unusable,Unusable,TURBT,True
BT,PURE01,"[34044,14906]",6412.0,Acceptable,Acceptable,TURBT,True
BT,PURE01,"[34044,16611]",4133.0,Acceptable,Acceptable,TURBT,True
BT,PURE01,"[34188,13412]",1295.0,Unusable,Unusable,TURBT,True
BT,PURE01,"[34716,10069]",4328.0,Borderline,Borderline,TURBT,True
BT,PURE01,"[34754,16070]",5128.0,Acceptable,Acceptable,RC,True
BT,PURE01,"[34758,8285]",5803.0,Borderline,Borderline,TURBT,True
BT,PURE01,"[34913,14325]",4362.0,Acceptable,Acceptable,RC,True
BT,PURE01,"[34956,6501]",6723.0,Acceptable,Acceptable,TURBT,True
BT,PURE01,"[35150,12620]",6535.0,Acceptable,Acceptable,TURBT,True
BT,PURE01,"[35313,20220]",4569.0,Unusable,Unusable,TURBT,True
BT,PURE01,"[35388,11034]",3024.0,Unusable,Unusable,TURBT,True
BT,PURE01,"[35393,10625]",6209.0,Acceptable,Acceptable,TURBT,True
BT,PURE01,"[35512,8960]",8110.0,Acceptable,Acceptable,TURBT,True
BT,PURE01,"[35630,15025]",2974.0,Unusable,Unusable,TURBT,True
BT,PURE01,"[35789,13519]",1903.0,Unusable,Unusable,TURBT,True
BT,PURE01,"[35948,11801]",1729.0,Unusable,Unusable,TURBT,True
BT,PURE01,"[36210,10191]",9540.0,Acceptable,Acceptable,TURBT,True
BT,PURE01,"[36340,16308]",6432.0,Acceptable,Acceptable,RC,True
BT,PURE01,"[36384,8404]",6354.0,Acceptable,Acceptable,TURBT,True
BT,PURE01,"[36538,14484]",4573.0,Acceptable,Acceptable,RC,True
BT,PURE01,"[36582,6699]",3053.0,Borderline,Borderline,TURBT,True
BT,PURE01,"[36740,5034]",6754.0,Acceptable,Acceptable,TURBT,True
BT,PURE01,"[36776,12818]",6599.0,Acceptable,Acceptable,TURBT,True
BT,PURE01,"[37058,20338]",1094.0,Unusable,Unusable,TURBT,True
BT,PURE01,"[37137,18634]",5242.0,Unusable,Unusable,TURBT,True
BT,PURE01,"[37296,16929]",5441.0,Acceptable,Acceptable,TURBT,True
BT,PURE01,"[37415,15263]",2577.0,Unusable,Unusable,TURBT,True
BT,PURE01,"[37573,13638]",4887.0,Acceptable,Acceptable,TURBT,True
BT,PURE01,"[37732,12012]",8370.0,Acceptable,Acceptable,TURBT,True
BT,PURE01,"[37970,10228]",5911.0,Unusable,Unusable,TURBT,True
BT,PURE01,"[38085,16466]",3731.0,Acceptable,Acceptable,RC,True
BT,PURE01,"[38089,8563]",6105.0,Acceptable,Acceptable,TURBT,True
BT,PURE01,"[38243,14682]",6724.0,Acceptable,Acceptable,RC,True
BT,PURE01,"[38326,6818]",3948.0,Acceptable,Acceptable,TURBT,True
BT,PURE01,"[38446,5153]",5845.0,Acceptable,Acceptable,TURBT,True
BT,PURE01,"[38481,13017]",5040.0,Acceptable,Acceptable,TURBT,True
BT,PURE01,"[38724,10784]",6436.0,Acceptable,Acceptable,TURBT,True
BT,PURE01,"[38763,20537]",5616.0,Acceptable,Acceptable,TURBT,True
BT,PURE01,"[38843,9118]",5073.0,Acceptable,Acceptable,TURBT,True
BT,PURE01,"[38921,18673]",8438.0,Acceptable,Acceptable,TURBT,True
BT,PURE01,"[39159,15422]",8328.0,Acceptable,Acceptable,TURBT,True
BT,PURE01,"[39278,13717]",2392.0,Unusable,Unusable,TURBT,True
BT,PURE01,"[39397,12131]",4385.0,Acceptable,Acceptable,TURBT,True
BT,PURE01,"[39714,10426]",7678.0,Acceptable,Acceptable,TURBT,True
BT,PURE01,"[39733,16568]",2123.0,Unusable,Unusable,RC,True
BT,PURE01,"[39948,14920]",6163.0,Acceptable,Acceptable,RC,True
BT,PURE01,"[39952,8761]",7144.0,Acceptable,Acceptable,TURBT,True
BT,PURE01,"[40032,7056]",3526.0,Acceptable,Acceptable,TURBT,True
BT,PURE01,"[40146,13254]",2960.0,Unusable,Unusable,TURBT,True
BT,PURE01,"[40269,5391]",4597.0,Acceptable,Acceptable,TURBT,True
BT,PURE01,"[40464,11589]",3183.0,Acceptable,Acceptable,TURBT,True
BT,PURE01,"[40508,10902]",4797.0,Acceptable,Acceptable,TURBT,True
BT,PURE01,"[40587,20576]",5662.0,Acceptable,Acceptable,TURBT,True
BT,PURE01,"[40627,9198]",3563.0,Unusable,Unusable,TURBT,True
BT,PURE01,"[40666,18832]",3795.0,Acceptable,Acceptable,TURBT,True
BT,PURE01,"[40689,17186]",1479.0,Unusable,Unusable,TURBT,True
BT,PURE01,"[40983,15541]",6437.0,Acceptable,Acceptable,TURBT,True
BT,PURE01,"[41142,13836]",4087.0,Acceptable,Acceptable,TURBT,True
BT,PURE01,"[41261,12131]",8715.0,Acceptable,Acceptable,TURBT,True
BT,PURE01,"[41475,16704]",4415.0,Acceptable,Acceptable,RC,True
BT,PURE01,"[41617,8880]",6081.0,Borderline,Borderline,TURBT,True
BT,PURE01,"[41653,15158]",5549.0,Acceptable,Acceptable,RC,True
BT,PURE01,"[41776,7175]",5209.0,Acceptable,Acceptable,TURBT,True
BT,PURE01,"[41812,13453]",3868.0,Acceptable,Acceptable,TURBT,True
BT,PURE01,"[41935,5509]",863.0,Unusable,Unusable,TURBT,True
BT,PURE01,"[42089,11787]",3244.0,Borderline,Borderline,TURBT,True
BT,PURE01,"[42213,10784]",2880.0,Unusable,Unusable,TURBT,True
BT,PURE01,"[42371,20695]",6355.0,Acceptable,Acceptable,TURBT,True
BT,PURE01,"[42450,18951]",5809.0,Acceptable,Acceptable,TURBT,True
BT,PURE01,"[42569,17246]",6189.0,Borderline,Borderline,TURBT,True
BT,PURE01,"[42609,15580]",2129.0,Unusable,Unusable,TURBT,True
BT,PURE01,"[42886,13955]",3081.0,Borderline,Borderline,TURBT,True
BT,PURE01,"[43005,12290]",6591.0,Borderline,Borderline,TURBT,True
BT,PURE01,"[43160,16982]",3659.0,Acceptable,Acceptable,RC,True
BT,PURE01,"[43203,10664]",5749.0,Unusable,Unusable,TURBT,True
BT,PURE01,"[43283,9038]",8142.0,Acceptable,Acceptable,TURBT,True
BT,PURE01,"[43318,15356]",4539.0,Acceptable,Acceptable,RC,True
BT,PURE01,"[43521,7373]",5511.0,Acceptable,Acceptable,TURBT,True
BT,PURE01,"[43556,13651]",3726.0,Acceptable,Acceptable,TURBT,True
BT,PURE01,"[43834,12164]",2209.0,Unusable,Unusable,TURBT,True
BT,PURE01,"[43878,11061]",7176.0,Acceptable,Acceptable,TURBT,True
BT,PURE01,"[43957,9356]",7486.0,Acceptable,Acceptable,TURBT,True
BT,PURE01,"[44076,20854]",2961.0,Unusable,Unusable,TURBT,True
BT,PURE01,"[44155,19109]",8667.0,Acceptable,Acceptable,TURBT,True
BT,PURE01,"[44274,17365]",6926.0,Acceptable,Acceptable,TURBT,True
BT,PURE01,"[44353,15739]",8486.0,Acceptable,Acceptable,TURBT,True
BT,PURE01,"[44512,14034]",4149.0,Borderline,Borderline,TURBT,True
BT,PURE01,"[44670,12369]",5779.0,Borderline,Borderline,TURBT,True
BT,PURE01,"[44884,17160]",2809.0,Unusable,Unusable,RC,True
BT,PURE01,"[45027,9157]",6029.0,Acceptable,Acceptable,TURBT,True
BT,PURE01,"[45261,13849]",6127.0,Acceptable,Acceptable,TURBT,True
BT,PURE01,"[45340,12045]",2630.0,Unusable,Unusable,TURBT,True
BT,PURE01,"[45407,6040]",3222.0,Unusable,Unusable,TURBT,True
BT,PURE01,"[45583,11180]",6612.0,Acceptable,Acceptable,TURBT,True
BT,PURE01,"[45662,9475]",6013.0,Acceptable,Acceptable,TURBT,True
BT,PURE01,"[45781,20894]",9220.0,Acceptable,Acceptable,TURBT,True
BT,PURE01,"[45860,19268]",6930.0,Acceptable,Acceptable,TURBT,True
BT,PURE01,"[46019,17523]",8939.0,Acceptable,Acceptable,TURBT,True
BT,PURE01,"[46177,15898]",5398.0,Borderline,Borderline,TURBT,True
BT,PURE01,"[46217,14153]",5221.0,Acceptable,Acceptable,TURBT,True
BT,PURE01,"[46442,12411]",2363.0,Unusable,Unusable,TURBT,True
BT,PURE01,"[46510,17358]",4649.0,Acceptable,Acceptable,RC,True
BT,PURE01,"[46728,15752]",4648.0,Acceptable,Acceptable,RC,True
BT,PURE01,"[46772,9395]",6780.0,Acceptable,Acceptable,TURBT,True
BT,PURE01,"[46930,7770]",2672.0,Unusable,Unusable,TURBT,True
BT,PURE01,"[46966,14048]",5273.0,Acceptable,Acceptable,TURBT,True
BT,PURE01,"[47010,6223]",4487.0,Acceptable,Acceptable,TURBT,True
BT,PURE01,"[47085,12442]",4760.0,Borderline,Borderline,TURBT,True
BT,PURE01,"[47288,11220]",9219.0,Acceptable,Acceptable,TURBT,True
BT,PURE01,"[47300,9458]",7182.0,Acceptable,Acceptable,TURBT,True
BT,PURE01,"[47565,20973]",4303.0,Borderline,Borderline,TURBT,True
BT,PURE01,"[47684,19308]",5449.0,Borderline,Borderline,TURBT,True
BT,PURE01,"[47763,17563]",1791.0,Unusable,Unusable,TURBT,True
BT,PURE01,"[47922,16096]",4839.0,Acceptable,Acceptable,TURBT,True
BT,PURE01,"[48041,14470]",6225.0,Acceptable,Acceptable,TURBT,True
BT,PURE01,"[48239,12686]",6675.0,Borderline,Borderline,TURBT,True
BT,PURE01,"[48279,10981]",2442.0,Unusable,Unusable,TURBT,True
BT,PURE01,"[48433,15733]",1984.0,Unusable,Unusable,RC,True
BT,PURE01,"[48516,9435]",5458.0,Unusable,Unusable,TURBT,True
BT,PURE01,"[48715,7928]",5336.0,Borderline,Borderline,TURBT,True
BT,PURE01,"[48794,6342]",3746.0,Borderline,Borderline,TURBT,True
BT,PURE01,"[48889,12600]",5438.0,Acceptable,Acceptable,TURBT,True
BT,PURE01,"[48993,11299]",6520.0,Borderline,Borderline,TURBT,True
BT,PURE01,"[49033,9713]",6392.0,Acceptable,Acceptable,TURBT,True
BT,PURE01,"[49310,21012]",5442.0,Acceptable,Acceptable,TURBT,True
BT,PURE01,"[49349,19347]",5854.0,Borderline,Borderline,TURBT,True
BT,PURE01,"[49468,17880]",2329.0,Unusable,Unusable,TURBT,True
BT,PURE01,"[49666,16175]",10027.0,Acceptable,Acceptable,TURBT,True
BT,PURE01,"[49785,14589]",8051.0,Acceptable,Acceptable,TURBT,True
BT,PURE01,"[49904,12964]",4630.0,Acceptable,Acceptable,TURBT,True
BT,PURE01,"[50023,11298]",10673.0,Acceptable,Acceptable,TURBT,True
BT,PURE01,"[50138,16070]",5305.0,Acceptable,Acceptable,RC,True
BT,PURE01,"[50261,7968]",1650.0,Unusable,Unusable,TURBT,True
BT,PURE01,"[50261,9633]",4810.0,Acceptable,Acceptable,TURBT,True
BT,PURE01,"[50499,6382]",5433.0,Borderline,Borderline,TURBT,True
BT,PURE01,"[50574,12779]",5291.0,Acceptable,Acceptable,TURBT,True
BT,PURE01,"[51106,19414]",2461.0,Unusable,Unusable,TURBT,True
BT,PURE01,"[51411,16374]",7206.0,Acceptable,Acceptable,TURBT,True
BT,PURE01,"[51570,14708]",5409.0,Acceptable,Acceptable,TURBT,True
BT,PURE01,"[51688,13043]",5472.0,Unusable,Unusable,TURBT,True
BT,PURE01,"[51768,11378]",6630.0,Acceptable,Acceptable,TURBT,True
BT,PURE01,"[51966,9752]",1535.0,Unusable,Unusable,TURBT,True
BT,PURE01,"[52164,8010]",6894.0,Acceptable,Acceptable,TURBT,True
BT,PURE01,"[52243,6535]",3587.0,Acceptable,Acceptable,TURBT,True
BT,PURE01,"[52561,21330]",4959.0,Acceptable,Acceptable,TURBT,True
BT,PURE01,"[52759,19664]",6930.0,Acceptable,Acceptable,TURBT,True
BT,PURE01,"[53116,16532]",9829.0,Acceptable,Acceptable,TURBT,True
BT,PURE01,"[53274,14827]",5081.0,Acceptable,Acceptable,TURBT,True
BT,PURE01,"[53433,13202]",7169.0,Acceptable,Acceptable,TURBT,True
BT,PURE01,"[53552,11576]",7819.0,Acceptable,Acceptable,TURBT,True
BT,PURE01,"[53671,9871]",4244.0,Unusable,Unusable,TURBT,True
BT,PURE01,"[53869,8325]",5706.0,Acceptable,Acceptable,TURBT,True
BT,PURE01,"[54464,21488]",5613.0,Acceptable,Acceptable,TURBT,True
BT,PURE01,"[54543,19823]",9005.0,Acceptable,Acceptable,TURBT,True
BT,PURE01,"[54702,18197]",7296.0,Acceptable,Acceptable,TURBT,True
BT,PURE01,"[54860,16532]",4359.0,Unusable,Unusable,TURBT,True
BT,PURE01,"[55059,14946]",4575.0,Unusable,Unusable,TURBT,True
BT,PURE01,"[55178,13320]",5142.0,Unusable,Unusable,TURBT,True
BT,PURE01,"[55336,11814]",2934.0,Unusable,Unusable,TURBT,True
BT,PURE01,"[55416,10030]",5374.0,Acceptable,Acceptable,TURBT,True
BT,PURE01,"[56208,19942]",7307.0,Unusable,Unusable,TURBT,True
BT,PURE01,"[56526,16691]",7642.0,Acceptable,Acceptable,TURBT,True
BT,PURE01,"[56724,15065]",5615.0,Acceptable,Acceptable,TURBT,True
BT,PURE01,"[56992,13249]",3088.0,Unusable,Unusable,TURBT,True
BT,PURE01,"[57002,12052]",3114.0,Unusable,Unusable,TURBT,True
BT,PURE01,"[57200,10228]",5180.0,Acceptable,Acceptable,TURBT,True
BT,PURE01,"[57477,6977]",8914.0,Acceptable,Acceptable,TURBT,True
BT,PURE01,"[57834,21845]",7684.0,Acceptable,Acceptable,TURBT,True
BT,PURE01,"[57913,20140]",6693.0,Acceptable,Acceptable,TURBT,True
BT,PURE01,"[58072,18515]",11309.0,Acceptable,Acceptable,TURBT,True
BT,PURE01,"[58270,16810]",5555.0,Acceptable,Acceptable,TURBT,True
BT,PURE01,"[58548,13558]",3641.0,Borderline,Borderline,TURBT,True
BT,PURE01,"[58558,15172]",3365.0,Borderline,Borderline,TURBT,True
BT,PURE01,"[58865,10386]",4257.0,Borderline,Borderline,TURBT,True
BT,PURE01,"[59048,8813]",2811.0,Unusable,Unusable,TURBT,True
BT,PURE01,"[59301,7254]",8147.0,Acceptable,Acceptable,TURBT,True
BT,PURE01,"[59618,21885]",7062.0,Acceptable,Acceptable,TURBT,True
BT,PURE01,"[59698,20259]",5445.0,Acceptable,Acceptable,TURBT,True
BT,PURE01,"[59896,18634]",10948.0,Acceptable,Acceptable,TURBT,True
BT,PURE01,"[60094,16968]",5205.0,Borderline,Borderline,TURBT,True
BT,PURE01,"[60332,13836]",5862.0,Acceptable,Acceptable,TURBT,True
BT,PURE01,"[60649,10704]",5370.0,Acceptable,Acceptable,TURBT,True
BT,PURE01,"[60979,9113]",1940.0,Acceptable,Acceptable,TURBT,True
BT,PURE01,"[61085,7413]",8182.0,Acceptable,Acceptable,TURBT,True
