cohort,panel,prep_root,feature_family,n_unique_features,n_features_present_in_all_units,median_fraction_units_nonmissing,n_source_files,n_units_observed,mean_nonmissing_features_per_unit,median_nonmissing_features_per_unit
BLASST,AR,AR_checkpoint_state,ATHENA,156,70,0.96,936,590,120.82542372881356,132.0
BLASST,AR,AR_checkpoint_state,cell_features,66,32,0.9983050847457627,66,590,57.44406779661017,60.0
BLASST,AR,AR_checkpoint_state,nearest_neighbor,10,10,1.0,60,590,132.51016949152543,150.0
BLASST,AR,AR_checkpoint_state,triads,97,61,1.0,97,590,79.74745762711865,85.0
BLASST,AR,AR_state,ATHENA,1842,163,0.24,10041,590,534.0525423728814,513.0
BLASST,AR,AR_state,cell_features,1152,239,0.7779661016949152,1152,590,707.4661016949152,715.0
BLASST,AR,AR_state,nearest_neighbor,10,10,1.0,60,590,1943.235593220339,1819.0
BLASST,AR,AR_state,triads,14857,7576,1.0,14857,590,9191.03220338983,8893.0
BLASST,AR,compartment,ATHENA,134,106,1.0,804,590,128.17796610169492,134.0
BLASST,AR,compartment,cell_features,42,33,1.0,42,590,41.0406779661017,42.0
BLASST,AR,compartment,nearest_neighbor,10,10,1.0,60,590,90.0,90.0
BLASST,AR,compartment,triads,40,37,1.0,40,590,39.55762711864407,40.0
BLASST,AR,compartment_state,ATHENA,656,113,0.77,3890,590,362.1593220338983,370.0
BLASST,AR,compartment_state,cell_features,336,110,0.8813559322033898,336,590,268.81694915254235,273.0
BLASST,AR,compartment_state,nearest_neighbor,10,10,1.0,60,590,799.5254237288135,837.0
BLASST,AR,compartment_state,triads,2203,1129,1.0,2203,590,1660.8847457627119,1627.0
BLASST,AR,phenotype_only,ATHENA,250,115,0.99,1500,590,191.26610169491525,186.0
BLASST,AR,phenotype_only,cell_features,222,131,1.0,222,590,193.2271186440678,192.0
BLASST,AR,phenotype_only,nearest_neighbor,10,10,1.0,60,590,208.60338983050846,187.0
BLASST,AR,phenotype_only,triads,634,559,1.0,634,590,591.6389830508475,580.0
BLASST,BT,compartment,ATHENA,134,71,1.0,804,600,117.49833333333333,134.0
BLASST,BT,compartment,cell_features,42,29,1.0,42,600,39.406666666666666,42.0
BLASST,BT,compartment,nearest_neighbor,10,10,1.0,60,600,87.46166666666667,90.0
BLASST,BT,compartment,triads,40,31,1.0,40,600,38.43,40.0
BLASST,BT,phenotype_only,ATHENA,414,81,0.9,2484,600,277.365,277.0
BLASST,BT,phenotype_only,cell_features,282,81,0.9191666666666667,282,600,236.29333333333332,252.0
BLASST,BT,phenotype_only,nearest_neighbor,10,10,1.0,60,600,457.07666666666665,490.0
BLASST,BT,phenotype_only,triads,859,544,1.0,859,600,745.365,766.0
NAC2020,AR,AR_checkpoint_state,ATHENA,156,86,1.0,312,167,141.9760479041916,156.0
NAC2020,AR,AR_checkpoint_state,cell_features,66,32,0.9940119760479041,66,167,62.868263473053894,66.0
NAC2020,AR,AR_checkpoint_state,nearest_neighbor,10,10,1.0,20,167,151.22155688622755,160.0
NAC2020,AR,AR_checkpoint_state,triads,97,61,1.0,97,167,89.34730538922156,97.0
NAC2020,AR,AR_state,ATHENA,1691,110,0.5970149253731343,3258,167,830.4610778443114,871.0
NAC2020,AR,AR_state,cell_features,1152,182,0.8802395209580839,1152,167,924.2215568862275,962.0
NAC2020,AR,AR_state,nearest_neighbor,10,10,1.0,20,167,2661.395209580838,2764.0
NAC2020,AR,AR_state,triads,14905,7561,1.0,14905,167,11570.095808383234,11779.0
NAC2020,AR,compartment,ATHENA,134,116,1.0,268,167,133.51497005988023,134.0
NAC2020,AR,compartment,cell_features,42,33,1.0,42,167,41.946107784431135,42.0
NAC2020,AR,compartment,nearest_neighbor,10,10,1.0,20,167,90.0,90.0
NAC2020,AR,compartment,triads,40,37,1.0,40,167,39.964071856287426,40.0
NAC2020,AR,compartment_state,ATHENA,656,106,0.8208955223880597,1304,167,430.9820359281437,456.0
NAC2020,AR,compartment_state,cell_features,336,92,0.9820359281437125,336,167,299.50898203592817,309.0
NAC2020,AR,compartment_state,nearest_neighbor,10,10,1.0,20,167,893.5149700598803,984.0
NAC2020,AR,compartment_state,triads,2203,1123,1.0,2203,167,1856.7065868263473,1903.0
NAC2020,AR,phenotype_only,ATHENA,250,172,1.0,500,167,235.95808383233532,250.0
NAC2020,AR,phenotype_only,cell_features,222,131,1.0,222,167,217.562874251497,222.0
NAC2020,AR,phenotype_only,nearest_neighbor,10,10,1.0,20,167,246.90419161676647,250.0
NAC2020,AR,phenotype_only,triads,634,559,1.0,634,167,626.9580838323353,634.0
NAC2020,BT,compartment,ATHENA,134,86,1.0,268,169,131.39644970414201,134.0
NAC2020,BT,compartment,cell_features,42,33,1.0,42,169,41.70414201183432,42.0
NAC2020,BT,compartment,nearest_neighbor,10,10,1.0,20,169,90.0,90.0
NAC2020,BT,compartment,triads,40,37,1.0,40,169,39.71597633136095,40.0
NAC2020,BT,phenotype_only,ATHENA,414,145,0.9855072463768116,828,169,337.15384615384613,357.0
NAC2020,BT,phenotype_only,cell_features,282,111,0.9822485207100592,282,169,262.0473372781065,272.0
NAC2020,BT,phenotype_only,nearest_neighbor,10,10,1.0,20,169,476.5147928994083,490.0
NAC2020,BT,phenotype_only,triads,859,547,1.0,859,169,793.7100591715977,814.0
No-NAC,AR,AR_checkpoint_state,ATHENA,156,96,1.0,468,245,145.54285714285714,156.0
No-NAC,AR,AR_checkpoint_state,cell_features,66,45,1.0,66,245,63.710204081632654,66.0
No-NAC,AR,AR_checkpoint_state,nearest_neighbor,10,10,1.0,30,245,152.66122448979593,160.0
No-NAC,AR,AR_checkpoint_state,triads,97,61,1.0,97,245,90.98775510204082,97.0
No-NAC,AR,AR_state,ATHENA,1881,129,0.6,5241,245,878.6571428571428,929.0
No-NAC,AR,AR_state,cell_features,1152,316,0.8775510204081632,1152,245,940.5959183673469,981.0
No-NAC,AR,AR_state,nearest_neighbor,10,10,1.0,30,245,2673.0489795918365,2764.0
No-NAC,AR,AR_state,triads,14905,7579,1.0,14905,245,11696.420408163265,11893.0
No-NAC,AR,compartment,ATHENA,134,134,1.0,402,245,133.9265306122449,134.0
No-NAC,AR,compartment,cell_features,42,42,1.0,42,245,42.0,42.0
No-NAC,AR,compartment,nearest_neighbor,10,10,1.0,30,245,90.0,90.0
No-NAC,AR,compartment,triads,40,40,1.0,40,245,40.0,40.0
No-NAC,AR,compartment_state,ATHENA,660,131,0.9111111111111111,1974,245,466.18367346938777,488.0
No-NAC,AR,compartment_state,cell_features,336,156,0.9836734693877551,336,245,304.1142857142857,309.0
No-NAC,AR,compartment_state,nearest_neighbor,10,10,1.0,30,245,898.8571428571429,984.0
No-NAC,AR,compartment_state,triads,2203,1141,1.0,2203,245,1888.6122448979593,1948.0
No-NAC,AR,phenotype_only,ATHENA,250,186,1.0,750,245,242.75918367346938,250.0
No-NAC,AR,phenotype_only,cell_features,222,182,1.0,222,245,218.77551020408163,222.0
No-NAC,AR,phenotype_only,nearest_neighbor,10,10,1.0,30,245,247.20408163265307,250.0
No-NAC,AR,phenotype_only,triads,634,571,1.0,634,245,628.4897959183673,634.0
No-NAC,BT,compartment,ATHENA,134,117,1.0,402,245,133.20816326530613,134.0
No-NAC,BT,compartment,cell_features,42,36,1.0,42,245,41.910204081632656,42.0
No-NAC,BT,compartment,nearest_neighbor,10,10,1.0,30,245,90.0,90.0
No-NAC,BT,compartment,triads,40,34,1.0,40,245,39.88979591836735,40.0
No-NAC,BT,phenotype_only,ATHENA,414,169,0.9555555555555556,1242,245,358.0938775510204,383.0
No-NAC,BT,phenotype_only,cell_features,282,142,1.0,282,245,268.0816326530612,272.0
No-NAC,BT,phenotype_only,nearest_neighbor,10,10,1.0,30,245,483.1714285714286,490.0
No-NAC,BT,phenotype_only,triads,859,556,1.0,859,245,808.0734693877552,814.0
PURE01,AR,AR_checkpoint_state,ATHENA,156,60,0.9895833333333334,312,196,137.25510204081633,142.0
PURE01,AR,AR_checkpoint_state,cell_features,66,32,0.9948979591836735,66,196,61.80102040816327,63.0
PURE01,AR,AR_checkpoint_state,nearest_neighbor,10,10,1.0,20,196,147.3469387755102,160.0
PURE01,AR,AR_checkpoint_state,triads,97,61,1.0,97,196,86.83673469387755,88.0
PURE01,AR,AR_state,ATHENA,1816,115,0.42354166666666665,3495,196,769.8724489795918,765.0
PURE01,AR,AR_state,cell_features,1152,258,0.7959183673469388,1152,196,870.0969387755102,886.0
PURE01,AR,AR_state,nearest_neighbor,10,10,1.0,20,196,2490.5714285714284,2515.5
PURE01,AR,AR_state,triads,14905,7585,1.0,14905,196,10893.877551020409,10486.0
PURE01,AR,compartment,ATHENA,134,106,1.0,268,196,133.1530612244898,134.0
PURE01,AR,compartment,cell_features,42,33,1.0,42,196,41.88265306122449,42.0
PURE01,AR,compartment,nearest_neighbor,10,10,1.0,20,196,90.0,90.0
PURE01,AR,compartment,triads,40,37,1.0,40,196,39.90816326530612,40.0
PURE01,AR,compartment_state,ATHENA,660,109,0.71,1320,196,423.4183673469388,448.0
PURE01,AR,compartment_state,cell_features,336,110,0.9693877551020408,336,196,288.3316326530612,300.0
PURE01,AR,compartment_state,nearest_neighbor,10,10,1.0,20,196,851.9795918367347,867.0
PURE01,AR,compartment_state,triads,2203,1129,1.0,2203,196,1768.5051020408164,1795.0
PURE01,AR,phenotype_only,ATHENA,250,125,0.995,500,196,235.94387755102042,250.0
PURE01,AR,phenotype_only,cell_features,222,141,1.0,222,196,215.6173469387755,222.0
PURE01,AR,phenotype_only,nearest_neighbor,10,10,1.0,20,196,244.9387755102041,250.0
PURE01,AR,phenotype_only,triads,634,568,1.0,634,196,623.9897959183673,634.0
PURE01,BT,compartment,ATHENA,134,82,1.0,268,186,129.08064516129033,134.0
PURE01,BT,compartment,cell_features,42,33,1.0,42,186,41.33870967741935,42.0
PURE01,BT,compartment,nearest_neighbor,10,10,1.0,20,186,90.0,90.0
PURE01,BT,compartment,triads,40,37,1.0,40,186,39.516129032258064,40.0
PURE01,BT,phenotype_only,ATHENA,414,82,0.9,828,186,319.5537634408602,308.0
PURE01,BT,phenotype_only,cell_features,282,121,0.978494623655914,282,186,256.52150537634407,262.0
PURE01,BT,phenotype_only,nearest_neighbor,10,10,1.0,20,186,474.5752688172043,490.0
PURE01,BT,phenotype_only,triads,859,550,1.0,859,186,783.6451612903226,784.0
