prep_root,panel,cohort,sample_type,label,label_base,excluded_from_primary,n_cells,total_cells,cell_fraction
AR_checkpoint_state,AR,BLASST,RC,checkpoint_neg,checkpoint_neg,False,1451114,1563573,0.9280756319020602
AR_checkpoint_state,AR,BLASST,RC,PDL1,PDL1,False,92824,1563573,0.059366591774096894
AR_checkpoint_state,AR,BLASST,RC,PD1,PD1,False,17150,1563573,0.01096846773383782
AR_checkpoint_state,AR,BLASST,RC,PD1_PDL1,PD1_PDL1,False,2485,1563573,0.0015893085900050717
AR_checkpoint_state,AR,BLASST,TURBT,checkpoint_neg,checkpoint_neg,False,4664666,5088987,0.9166197516322994
AR_checkpoint_state,AR,BLASST,TURBT,PDL1,PDL1,False,362426,5088987,0.07121770992930421
AR_checkpoint_state,AR,BLASST,TURBT,PD1,PD1,False,55542,5088987,0.010914156393011026
AR_checkpoint_state,AR,BLASST,TURBT,PD1_PDL1,PD1_PDL1,False,6353,5088987,0.0012483820453854568
AR_checkpoint_state,AR,NAC2020,RC,checkpoint_neg,checkpoint_neg,False,76160,109427,0.6959891068931799
AR_checkpoint_state,AR,NAC2020,RC,PDL1,PDL1,False,28671,109427,0.2620102899649995
AR_checkpoint_state,AR,NAC2020,RC,PD1,PD1,False,2685,109427,0.024536905882460453
AR_checkpoint_state,AR,NAC2020,RC,PD1_PDL1,PD1_PDL1,False,1911,109427,0.01746369725936012
AR_checkpoint_state,AR,NAC2020,TURBT,checkpoint_neg,checkpoint_neg,False,536440,739808,0.7251070548034084
AR_checkpoint_state,AR,NAC2020,TURBT,PDL1,PDL1,False,169818,739808,0.22954334097495566
AR_checkpoint_state,AR,NAC2020,TURBT,PD1,PD1,False,20487,739808,0.027692320169557506
AR_checkpoint_state,AR,NAC2020,TURBT,PD1_PDL1,PD1_PDL1,False,13063,739808,0.01765728405207838
AR_checkpoint_state,AR,No-NAC,RC,checkpoint_neg,checkpoint_neg,False,273760,354392,0.7724779340391431
AR_checkpoint_state,AR,No-NAC,RC,PDL1,PDL1,False,51009,354392,0.14393383597823878
AR_checkpoint_state,AR,No-NAC,RC,PD1,PD1,False,22514,354392,0.06352852208853473
AR_checkpoint_state,AR,No-NAC,RC,PD1_PDL1,PD1_PDL1,False,7109,354392,0.020059707894083387
AR_checkpoint_state,AR,No-NAC,TURBT,checkpoint_neg,checkpoint_neg,False,716255,906139,0.7904471609764064
AR_checkpoint_state,AR,No-NAC,TURBT,PDL1,PDL1,False,165375,906139,0.1825051123503127
AR_checkpoint_state,AR,No-NAC,TURBT,PD1,PD1,False,17004,906139,0.01876533291250018
AR_checkpoint_state,AR,No-NAC,TURBT,PD1_PDL1,PD1_PDL1,False,7505,906139,0.00828239376078063
AR_checkpoint_state,AR,PURE01,RC,checkpoint_neg,checkpoint_neg,False,58023,61981,0.9361417208499379
AR_checkpoint_state,AR,PURE01,RC,PDL1,PDL1,False,2913,61981,0.04699827366451009
AR_checkpoint_state,AR,PURE01,RC,PD1,PD1,False,968,61981,0.01561768929187977
AR_checkpoint_state,AR,PURE01,RC,PD1_PDL1,PD1_PDL1,False,77,61981,0.0012423161936722545
AR_checkpoint_state,AR,PURE01,TURBT,checkpoint_neg,checkpoint_neg,False,581569,757097,0.7681565241970315
AR_checkpoint_state,AR,PURE01,TURBT,PDL1,PDL1,False,121552,757097,0.16055010124198088
AR_checkpoint_state,AR,PURE01,TURBT,PD1,PD1,False,44733,757097,0.059084899292957176
AR_checkpoint_state,AR,PURE01,TURBT,PD1_PDL1,PD1_PDL1,False,9243,757097,0.012208475268030384
AR_state,AR,BLASST,RC,stroma__checkpoint_neg,stroma,False,1105083,1563573,0.7067677684380582
AR_state,AR,BLASST,RC,tumor__checkpoint_neg,tumor,False,151440,1563573,0.09685508767419237
AR_state,AR,BLASST,RC,t_cell__checkpoint_neg,t_cell,False,100007,1563573,0.06396055700629263
AR_state,AR,BLASST,RC,macrophage__checkpoint_neg,macrophage,False,94534,1563573,0.06046024074347664
AR_state,AR,BLASST,RC,stroma__PDL1,stroma,False,65486,1563573,0.041882278601638685
AR_state,AR,BLASST,RC,stroma__PD1,stroma,False,13728,1563573,0.00877989067347671
AR_state,AR,BLASST,RC,macrophage__PDL1,macrophage,False,11004,1563573,0.007037727052078797
AR_state,AR,BLASST,RC,t_cell__PDL1,t_cell,False,10909,1563573,0.006976968776002144
AR_state,AR,BLASST,RC,tumor__PDL1,tumor,False,4324,1563573,0.0027654609026889054
AR_state,AR,BLASST,RC,t_cell__PD1,t_cell,False,2542,1563573,0.0016257635556510633
AR_state,AR,BLASST,RC,stroma__PD1_PDL1,stroma,False,1130,1563573,0.000722703704911763
AR_state,AR,BLASST,RC,cd8_t_cell__PDL1,cd8_t_cell,False,1101,1563573,0.0007041564416883638
AR_state,AR,BLASST,RC,macrophage__PD1,macrophage,False,862,1563573,0.0005513014102955219
AR_state,AR,BLASST,RC,t_cell__PD1_PDL1,t_cell,False,659,1563573,0.00042147056773172726
AR_state,AR,BLASST,RC,macrophage__PD1_PDL1,macrophage,False,649,1563573,0.0004150749597236586
AR_state,AR,BLASST,RC,cd8_t_cell__checkpoint_neg,cd8_t_cell,False,50,1563573,3.1978040040343495e-05
AR_state,AR,BLASST,RC,cd8_t_cell__PD1_PDL1,cd8_t_cell,False,47,1563573,3.0059357637922886e-05
AR_state,AR,BLASST,RC,cd8_t_cell__PD1,cd8_t_cell,False,18,1563573,1.1512094414523658e-05
AR_state,AR,BLASST,TURBT,stroma__checkpoint_neg,stroma,False,3466667,5088987,0.6812096395608792
AR_state,AR,BLASST,TURBT,t_cell__checkpoint_neg,t_cell,False,517828,5088987,0.101754632110477
AR_state,AR,BLASST,TURBT,macrophage__checkpoint_neg,macrophage,False,342988,5088987,0.06739808924644532
AR_state,AR,BLASST,TURBT,tumor__checkpoint_neg,tumor,False,336648,5088987,0.06615226173696258
AR_state,AR,BLASST,TURBT,stroma__PDL1,stroma,False,238940,5088987,0.04695236989208265
AR_state,AR,BLASST,TURBT,t_cell__PDL1,t_cell,False,69671,5088987,0.013690543913749435
AR_state,AR,BLASST,TURBT,macrophage__PDL1,macrophage,False,45933,5088987,0.00902596135537387
AR_state,AR,BLASST,TURBT,stroma__PD1,stroma,False,38081,5088987,0.007483021670128063
AR_state,AR,BLASST,TURBT,t_cell__PD1,t_cell,False,15279,5088987,0.003002365696748685
AR_state,AR,BLASST,TURBT,tumor__PDL1,tumor,False,6680,5088987,0.0013126384484770741
AR_state,AR,BLASST,TURBT,t_cell__PD1_PDL1,t_cell,False,3814,5088987,0.0007494615333071199
AR_state,AR,BLASST,TURBT,macrophage__PD1,macrophage,False,2098,5088987,0.00041226279414744034
AR_state,AR,BLASST,TURBT,macrophage__PD1_PDL1,macrophage,False,1216,5088987,0.00023894735828564702
AR_state,AR,BLASST,TURBT,cd8_t_cell__PDL1,cd8_t_cell,False,1202,5088987,0.0002361963196211741
AR_state,AR,BLASST,TURBT,stroma__PD1_PDL1,stroma,False,1136,5088987,0.00022322713734580183
AR_state,AR,BLASST,TURBT,cd8_t_cell__checkpoint_neg,cd8_t_cell,False,535,5088987,0.00010512897753521476
AR_state,AR,BLASST,TURBT,cd8_t_cell__PD1_PDL1,cd8_t_cell,False,187,5088987,3.674601644688815e-05
AR_state,AR,BLASST,TURBT,cd8_t_cell__PD1,cd8_t_cell,False,84,5088987,1.650623198683746e-05
AR_state,AR,NAC2020,RC,stroma__checkpoint_neg,stroma,False,32905,109427,0.30070275160609355
AR_state,AR,NAC2020,RC,tumor__checkpoint_neg,tumor,False,27102,109427,0.24767196395770696
AR_state,AR,NAC2020,RC,stroma__PDL1,stroma,False,11589,109427,0.1059062205854131
AR_state,AR,NAC2020,RC,macrophage__checkpoint_neg,macrophage,False,10265,109427,0.09380683012419239
AR_state,AR,NAC2020,RC,macrophage__PDL1,macrophage,False,9443,109427,0.08629497290431064
AR_state,AR,NAC2020,RC,t_cell__checkpoint_neg,t_cell,False,5847,109427,0.053432882195436224
AR_state,AR,NAC2020,RC,t_cell__PDL1,t_cell,False,4478,109427,0.040922258674732925
AR_state,AR,NAC2020,RC,tumor__PDL1,tumor,False,2294,109427,0.0209637475211785
AR_state,AR,NAC2020,RC,t_cell__PD1,t_cell,False,1928,109427,0.017619051970720206
AR_state,AR,NAC2020,RC,t_cell__PD1_PDL1,t_cell,False,950,109427,0.008681586811298856
AR_state,AR,NAC2020,RC,cd8_t_cell__PDL1,cd8_t_cell,False,867,109427,0.007923090279364326
AR_state,AR,NAC2020,RC,cd8_t_cell__PD1_PDL1,cd8_t_cell,False,698,109427,0.006378681678196423
AR_state,AR,NAC2020,RC,stroma__PD1,stroma,False,422,109427,0.0038564522467032817
AR_state,AR,NAC2020,RC,macrophage__PD1,macrophage,False,194,109427,0.001772871411991556
AR_state,AR,NAC2020,RC,cd8_t_cell__PD1,cd8_t_cell,False,141,109427,0.0012885302530454092
AR_state,AR,NAC2020,RC,macrophage__PD1_PDL1,macrophage,False,134,109427,0.001224560666014786
AR_state,AR,NAC2020,RC,stroma__PD1_PDL1,stroma,False,129,109427,0.0011788681038500553
AR_state,AR,NAC2020,RC,cd8_t_cell__checkpoint_neg,cd8_t_cell,False,41,109427,0.0003746790097507928
AR_state,AR,NAC2020,TURBT,stroma__checkpoint_neg,stroma,False,261839,739808,0.35392831653618234
AR_state,AR,NAC2020,TURBT,tumor__checkpoint_neg,tumor,False,177389,739808,0.23977707729573078
AR_state,AR,NAC2020,TURBT,stroma__PDL1,stroma,False,86384,739808,0.11676543103075393
AR_state,AR,NAC2020,TURBT,macrophage__checkpoint_neg,macrophage,False,59322,739808,0.08018566979540638
AR_state,AR,NAC2020,TURBT,macrophage__PDL1,macrophage,False,38526,739808,0.052075673688308316
AR_state,AR,NAC2020,TURBT,t_cell__checkpoint_neg,t_cell,False,36507,739808,0.04934658722263074
AR_state,AR,NAC2020,TURBT,tumor__PDL1,tumor,False,20041,739808,0.027089461049353347
AR_state,AR,NAC2020,TURBT,t_cell__PDL1,t_cell,False,18495,739808,0.024999729659587352
AR_state,AR,NAC2020,TURBT,t_cell__PD1,t_cell,False,12316,739808,0.016647562610839568
AR_state,AR,NAC2020,TURBT,cd8_t_cell__PDL1,cd8_t_cell,False,6372,739808,0.008613045546952722
AR_state,AR,NAC2020,TURBT,cd8_t_cell__PD1_PDL1,cd8_t_cell,False,5243,739808,0.007086973917556988
AR_state,AR,NAC2020,TURBT,t_cell__PD1_PDL1,t_cell,False,4505,739808,0.006089417794887322
AR_state,AR,NAC2020,TURBT,stroma__PD1,stroma,False,4022,739808,0.005436545698343354
AR_state,AR,NAC2020,TURBT,cd8_t_cell__PD1,cd8_t_cell,False,2773,739808,0.0037482698213590552
AR_state,AR,NAC2020,TURBT,stroma__PD1_PDL1,stroma,False,2003,739808,0.0027074592326657727
AR_state,AR,NAC2020,TURBT,cd8_t_cell__checkpoint_neg,cd8_t_cell,False,1383,739808,0.0018694039534581945
AR_state,AR,NAC2020,TURBT,macrophage__PD1,macrophage,False,1376,739808,0.0018599420390155283
AR_state,AR,NAC2020,TURBT,macrophage__PD1_PDL1,macrophage,False,1312,739808,0.0017734331069682945
AR_state,AR,No-NAC,RC,stroma__checkpoint_neg,stroma,False,149856,354392,0.4228537890245829
AR_state,AR,No-NAC,RC,tumor__checkpoint_neg,tumor,False,88837,354392,0.25067439445585676
AR_state,AR,No-NAC,RC,stroma__PDL1,stroma,False,29576,354392,0.0834556084787467
AR_state,AR,No-NAC,RC,macrophage__checkpoint_neg,macrophage,False,23616,354392,0.06663807309420078
AR_state,AR,No-NAC,RC,t_cell__checkpoint_neg,t_cell,False,11029,354392,0.031120905663784736
AR_state,AR,No-NAC,RC,stroma__PD1,stroma,False,10399,354392,0.029343213165082732
AR_state,AR,No-NAC,RC,t_cell__PD1,t_cell,False,9447,354392,0.026656922278155262
AR_state,AR,No-NAC,RC,macrophage__PDL1,macrophage,False,7969,354392,0.02248639924151787
AR_state,AR,No-NAC,RC,tumor__PDL1,tumor,False,6653,354392,0.01877299713311813
AR_state,AR,No-NAC,RC,t_cell__PDL1,t_cell,False,4558,354392,0.01286146414140274
AR_state,AR,No-NAC,RC,t_cell__PD1_PDL1,t_cell,False,2589,354392,0.007305469649427752
AR_state,AR,No-NAC,RC,cd8_t_cell__PDL1,cd8_t_cell,False,2253,354392,0.0063573669834533515
AR_state,AR,No-NAC,RC,stroma__PD1_PDL1,stroma,False,1986,354392,0.005603963972098693
AR_state,AR,No-NAC,RC,macrophage__PD1,macrophage,False,1956,354392,0.005519311948350978
AR_state,AR,No-NAC,RC,cd8_t_cell__PD1_PDL1,cd8_t_cell,False,1781,354392,0.005025508476489311
AR_state,AR,No-NAC,RC,macrophage__PD1_PDL1,macrophage,False,753,354392,0.0021247657960676313
AR_state,AR,No-NAC,RC,cd8_t_cell__PD1,cd8_t_cell,False,712,354392,0.002009074696945755
AR_state,AR,No-NAC,RC,cd8_t_cell__checkpoint_neg,cd8_t_cell,False,422,354392,0.0011907718007178492
AR_state,AR,No-NAC,TURBT,stroma__checkpoint_neg,stroma,False,323487,906139,0.35699489813373003
AR_state,AR,No-NAC,TURBT,tumor__checkpoint_neg,tumor,False,274040,906139,0.30242600748891724
AR_state,AR,No-NAC,TURBT,stroma__PDL1,stroma,False,83892,906139,0.09258182243563073
AR_state,AR,No-NAC,TURBT,macrophage__checkpoint_neg,macrophage,False,60501,906139,0.06676790205476202
AR_state,AR,No-NAC,TURBT,t_cell__checkpoint_neg,t_cell,False,57289,906139,0.06322319202683033
AR_state,AR,No-NAC,TURBT,t_cell__PDL1,t_cell,False,27148,906139,0.029960083386765163
AR_state,AR,No-NAC,TURBT,macrophage__PDL1,macrophage,False,26123,906139,0.028828910354813112
AR_state,AR,No-NAC,TURBT,tumor__PDL1,tumor,False,22615,906139,0.02495753962692258
AR_state,AR,No-NAC,TURBT,t_cell__PD1,t_cell,False,8710,906139,0.00961221181297792
AR_state,AR,No-NAC,TURBT,stroma__PD1,stroma,False,6160,906139,0.006798074026170378
AR_state,AR,No-NAC,TURBT,cd8_t_cell__PDL1,cd8_t_cell,False,5597,906139,0.006176756546181105
AR_state,AR,No-NAC,TURBT,t_cell__PD1_PDL1,t_cell,False,2737,906139,0.0030205078911734293
AR_state,AR,No-NAC,TURBT,cd8_t_cell__PD1_PDL1,cd8_t_cell,False,2488,906139,0.002745715613167516
AR_state,AR,No-NAC,TURBT,stroma__PD1_PDL1,stroma,False,1604,906139,0.0017701478470742347
AR_state,AR,No-NAC,TURBT,macrophage__PD1,macrophage,False,1092,906139,0.0012051131228211125
AR_state,AR,No-NAC,TURBT,cd8_t_cell__PD1,cd8_t_cell,False,1042,906139,0.0011499339505307684
AR_state,AR,No-NAC,TURBT,cd8_t_cell__checkpoint_neg,cd8_t_cell,False,938,906139,0.001035161272166853
AR_state,AR,No-NAC,TURBT,macrophage__PD1_PDL1,macrophage,False,676,906139,0.0007460224093654505
AR_state,AR,PURE01,RC,stroma__checkpoint_neg,stroma,False,28489,61981,0.4596408576821929
AR_state,AR,PURE01,RC,tumor__checkpoint_neg,tumor,False,14464,61981,0.23336183669188945
AR_state,AR,PURE01,RC,macrophage__checkpoint_neg,macrophage,False,9267,61981,0.14951356060728288
AR_state,AR,PURE01,RC,t_cell__checkpoint_neg,t_cell,False,5667,61981,0.09143124505896968
AR_state,AR,PURE01,RC,stroma__PDL1,stroma,False,1056,61981,0.017037479227505203
AR_state,AR,PURE01,RC,t_cell__PD1,t_cell,False,715,61981,0.011535793226956649
AR_state,AR,PURE01,RC,macrophage__PDL1,macrophage,False,694,61981,0.011196979719591488
AR_state,AR,PURE01,RC,t_cell__PDL1,t_cell,False,634,61981,0.010228941127119601
AR_state,AR,PURE01,RC,cd8_t_cell__PDL1,cd8_t_cell,False,394,61981,0.006356786757232055
AR_state,AR,PURE01,RC,cd8_t_cell__checkpoint_neg,cd8_t_cell,False,136,61981,0.002194220809602943
AR_state,AR,PURE01,RC,tumor__PDL1,tumor,False,135,61981,0.0021780868330617447
AR_state,AR,PURE01,RC,stroma__PD1,stroma,False,134,61981,0.0021619528565205467
AR_state,AR,PURE01,RC,cd8_t_cell__PD1,cd8_t_cell,False,85,61981,0.0013713880060018393
AR_state,AR,PURE01,RC,cd8_t_cell__PD1_PDL1,cd8_t_cell,False,40,61981,0.0006453590616479244
AR_state,AR,PURE01,RC,macrophage__PD1,macrophage,False,34,61981,0.0005485552024007358
AR_state,AR,PURE01,RC,t_cell__PD1_PDL1,t_cell,False,25,61981,0.00040334941352995274
AR_state,AR,PURE01,RC,stroma__PD1_PDL1,stroma,False,9,61981,0.000145205788870783
AR_state,AR,PURE01,RC,macrophage__PD1_PDL1,macrophage,False,3,61981,4.840192962359433e-05
AR_state,AR,PURE01,TURBT,stroma__checkpoint_neg,stroma,False,275359,757097,0.3637037262068137
AR_state,AR,PURE01,TURBT,tumor__checkpoint_neg,tumor,False,202455,757097,0.26740959216586513
AR_state,AR,PURE01,TURBT,stroma__PDL1,stroma,False,65833,757097,0.08695451177326023
AR_state,AR,PURE01,TURBT,macrophage__checkpoint_neg,macrophage,False,56442,757097,0.07455055296745332
AR_state,AR,PURE01,TURBT,t_cell__checkpoint_neg,t_cell,False,46592,757097,0.0615403310275962
AR_state,AR,PURE01,TURBT,macrophage__PDL1,macrophage,False,24725,757097,0.03265763832111341
AR_state,AR,PURE01,TURBT,stroma__PD1,stroma,False,20058,757097,0.026493302707579082
AR_state,AR,PURE01,TURBT,t_cell__PDL1,t_cell,False,16975,757097,0.022421169282139542
AR_state,AR,PURE01,TURBT,t_cell__PD1,t_cell,False,15083,757097,0.01992215000191521
AR_state,AR,PURE01,TURBT,tumor__PDL1,tumor,False,11702,757097,0.01545640783149319
AR_state,AR,PURE01,TURBT,macrophage__PD1,macrophage,False,7763,757097,0.010253639890265051
AR_state,AR,PURE01,TURBT,t_cell__PD1_PDL1,t_cell,False,2900,757097,0.0038304206726482866
AR_state,AR,PURE01,TURBT,stroma__PD1_PDL1,stroma,False,2562,757097,0.0033839785390775553
AR_state,AR,PURE01,TURBT,cd8_t_cell__PDL1,cd8_t_cell,False,2317,757097,0.0030603740339745105
AR_state,AR,PURE01,TURBT,macrophage__PD1_PDL1,macrophage,False,2315,757097,0.0030577323645450977
AR_state,AR,PURE01,TURBT,cd8_t_cell__PD1,cd8_t_cell,False,1829,757097,0.0024158066931978333
AR_state,AR,PURE01,TURBT,cd8_t_cell__PD1_PDL1,cd8_t_cell,False,1466,757097,0.0019363436917594443
AR_state,AR,PURE01,TURBT,cd8_t_cell__checkpoint_neg,cd8_t_cell,False,721,757097,0.0009523218293032465
compartment,AR,BLASST,RC,stroma,stroma,False,1185427,1563573,0.7581526414180854
compartment,AR,BLASST,RC,immune,immune,False,222382,1563573,0.14222681000503334
compartment,AR,BLASST,RC,tumor,tumor,False,155764,1563573,0.09962054857688128
compartment,AR,BLASST,TURBT,stroma,stroma,False,3744824,5088987,0.7358682582604357
compartment,AR,BLASST,TURBT,immune,immune,False,1000835,5088987,0.19666684155412462
compartment,AR,BLASST,TURBT,tumor,tumor,False,343328,5088987,0.06746490018543966
compartment,AR,NAC2020,RC,stroma,stroma,False,45045,109427,0.41164429254206003
compartment,AR,NAC2020,RC,immune,immune,False,34986,109427,0.31971999597905454
compartment,AR,NAC2020,RC,tumor,tumor,False,29396,109427,0.2686357114788855
compartment,AR,NAC2020,TURBT,stroma,stroma,False,354248,739808,0.4788377524979454
compartment,AR,NAC2020,TURBT,tumor,tumor,False,197430,739808,0.2668665383450841
compartment,AR,NAC2020,TURBT,immune,immune,False,188130,739808,0.2542957091569705
compartment,AR,No-NAC,RC,stroma,stroma,False,191817,354392,0.541256574640511
compartment,AR,No-NAC,RC,tumor,tumor,False,95490,354392,0.2694473915889749
compartment,AR,No-NAC,RC,immune,immune,False,67085,354392,0.18929603377051402
compartment,AR,No-NAC,TURBT,stroma,stroma,False,415143,906139,0.4581449424426054
compartment,AR,No-NAC,TURBT,tumor,tumor,False,296655,906139,0.32738354711583983
compartment,AR,No-NAC,TURBT,immune,immune,False,194341,906139,0.21447151044155477
compartment,AR,PURE01,RC,stroma,stroma,False,29688,61981,0.47898549555508946
compartment,AR,PURE01,RC,immune,immune,False,17694,61981,0.28547458091995936
compartment,AR,PURE01,RC,tumor,tumor,False,14599,61981,0.2355399235249512
compartment,AR,PURE01,TURBT,stroma,stroma,False,363812,757097,0.48053551922673055
compartment,AR,PURE01,TURBT,tumor,tumor,False,214157,757097,0.28286599999735834
compartment,AR,PURE01,TURBT,immune,immune,False,179128,757097,0.23659848077591114
compartment,BT,BLASST,RC,stroma,stroma,False,955054,1170122,0.8162003620135336
compartment,BT,BLASST,RC,immune,immune,False,156295,1170122,0.13357154211270278
compartment,BT,BLASST,RC,tumor,tumor,False,58773,1170122,0.05022809587376359
compartment,BT,BLASST,TURBT,stroma,stroma,False,2246208,3165309,0.7096330879544461
compartment,BT,BLASST,TURBT,immune,immune,False,640009,3165309,0.20219479362046486
compartment,BT,BLASST,TURBT,tumor,tumor,False,279092,3165309,0.08817211842508899
compartment,BT,NAC2020,RC,stroma,stroma,False,70928,127216,0.5575399320840146
compartment,BT,NAC2020,RC,tumor,tumor,False,35542,127216,0.27938309646585335
compartment,BT,NAC2020,RC,immune,immune,False,20746,127216,0.16307697145013206
compartment,BT,NAC2020,TURBT,stroma,stroma,False,335804,766090,0.4383349214844209
compartment,BT,NAC2020,TURBT,tumor,tumor,False,293983,766090,0.3837447297314937
compartment,BT,NAC2020,TURBT,immune,immune,False,136303,766090,0.1779203487840854
compartment,BT,No-NAC,RC,stroma,stroma,False,146836,327565,0.44826522980171873
compartment,BT,No-NAC,RC,tumor,tumor,False,124564,327565,0.38027261764840564
compartment,BT,No-NAC,RC,immune,immune,False,56165,327565,0.1714621525498756
compartment,BT,No-NAC,TURBT,tumor,tumor,False,389357,852040,0.45697033003145393
compartment,BT,No-NAC,TURBT,stroma,stroma,False,319421,852040,0.37488967654100747
compartment,BT,No-NAC,TURBT,immune,immune,False,143262,852040,0.1681399934275386
compartment,BT,PURE01,RC,stroma,stroma,False,36862,59314,0.6214721650875005
compartment,BT,PURE01,RC,immune,immune,False,13166,59314,0.22197120410021243
compartment,BT,PURE01,RC,tumor,tumor,False,9286,59314,0.15655663081228716
compartment,BT,PURE01,TURBT,stroma,stroma,False,311747,757819,0.4113739560501914
compartment,BT,PURE01,TURBT,tumor,tumor,False,310013,757819,0.40908581072789146
compartment,BT,PURE01,TURBT,immune,immune,False,136059,757819,0.17954023322191712
compartment_state,AR,BLASST,RC,stroma__checkpoint_neg,stroma,False,1105083,1563573,0.7067677684380582
compartment_state,AR,BLASST,RC,immune__checkpoint_neg,immune,False,194591,1563573,0.12445277578980962
compartment_state,AR,BLASST,RC,tumor__checkpoint_neg,tumor,False,151440,1563573,0.09685508767419237
compartment_state,AR,BLASST,RC,stroma__PDL1,stroma,False,65486,1563573,0.041882278601638685
compartment_state,AR,BLASST,RC,immune__PDL1,immune,False,23014,1563573,0.014718852269769303
compartment_state,AR,BLASST,RC,stroma__PD1,stroma,False,13728,1563573,0.00877989067347671
compartment_state,AR,BLASST,RC,tumor__PDL1,tumor,False,4324,1563573,0.0027654609026889054
compartment_state,AR,BLASST,RC,immune__PD1,immune,False,3422,1563573,0.0021885770603611086
compartment_state,AR,BLASST,RC,immune__PD1_PDL1,immune,False,1355,1563573,0.0008666048850933087
compartment_state,AR,BLASST,RC,stroma__PD1_PDL1,stroma,False,1130,1563573,0.000722703704911763
compartment_state,AR,BLASST,TURBT,stroma__checkpoint_neg,stroma,False,3466667,5088987,0.6812096395608792
compartment_state,AR,BLASST,TURBT,immune__checkpoint_neg,immune,False,861351,5088987,0.16925785033445753
compartment_state,AR,BLASST,TURBT,tumor__checkpoint_neg,tumor,False,336648,5088987,0.06615226173696258
compartment_state,AR,BLASST,TURBT,stroma__PDL1,stroma,False,238940,5088987,0.04695236989208265
compartment_state,AR,BLASST,TURBT,immune__PDL1,immune,False,116806,5088987,0.02295270158874448
compartment_state,AR,BLASST,TURBT,stroma__PD1,stroma,False,38081,5088987,0.007483021670128063
compartment_state,AR,BLASST,TURBT,immune__PD1,immune,False,17461,5088987,0.003431134722882963
compartment_state,AR,BLASST,TURBT,tumor__PDL1,tumor,False,6680,5088987,0.0013126384484770741
compartment_state,AR,BLASST,TURBT,immune__PD1_PDL1,immune,False,5217,5088987,0.001025154908039655
compartment_state,AR,BLASST,TURBT,stroma__PD1_PDL1,stroma,False,1136,5088987,0.00022322713734580183
compartment_state,AR,NAC2020,RC,stroma__checkpoint_neg,stroma,False,32905,109427,0.30070275160609355
compartment_state,AR,NAC2020,RC,tumor__checkpoint_neg,tumor,False,27102,109427,0.24767196395770696
compartment_state,AR,NAC2020,RC,immune__checkpoint_neg,immune,False,16153,109427,0.1476143913293794
compartment_state,AR,NAC2020,RC,immune__PDL1,immune,False,14788,109427,0.13514032185840788
compartment_state,AR,NAC2020,RC,stroma__PDL1,stroma,False,11589,109427,0.1059062205854131
compartment_state,AR,NAC2020,RC,tumor__PDL1,tumor,False,2294,109427,0.0209637475211785
compartment_state,AR,NAC2020,RC,immune__PD1,immune,False,2263,109427,0.02068045363575717
compartment_state,AR,NAC2020,RC,immune__PD1_PDL1,immune,False,1782,109427,0.016284829155510067
compartment_state,AR,NAC2020,RC,stroma__PD1,stroma,False,422,109427,0.0038564522467032817
compartment_state,AR,NAC2020,RC,stroma__PD1_PDL1,stroma,False,129,109427,0.0011788681038500553
compartment_state,AR,NAC2020,TURBT,stroma__checkpoint_neg,stroma,False,261839,739808,0.35392831653618234
compartment_state,AR,NAC2020,TURBT,tumor__checkpoint_neg,tumor,False,177389,739808,0.23977707729573078
compartment_state,AR,NAC2020,TURBT,immune__checkpoint_neg,immune,False,97212,739808,0.1314016609714953
compartment_state,AR,NAC2020,TURBT,stroma__PDL1,stroma,False,86384,739808,0.11676543103075393
compartment_state,AR,NAC2020,TURBT,immune__PDL1,immune,False,63393,739808,0.08568844889484839
compartment_state,AR,NAC2020,TURBT,tumor__PDL1,tumor,False,20041,739808,0.027089461049353347
compartment_state,AR,NAC2020,TURBT,immune__PD1,immune,False,16465,739808,0.022255774471214154
compartment_state,AR,NAC2020,TURBT,immune__PD1_PDL1,immune,False,11060,739808,0.014949824819412604
compartment_state,AR,NAC2020,TURBT,stroma__PD1,stroma,False,4022,739808,0.005436545698343354
compartment_state,AR,NAC2020,TURBT,stroma__PD1_PDL1,stroma,False,2003,739808,0.0027074592326657727
compartment_state,AR,No-NAC,RC,stroma__checkpoint_neg,stroma,False,149856,354392,0.4228537890245829
compartment_state,AR,No-NAC,RC,tumor__checkpoint_neg,tumor,False,88837,354392,0.25067439445585676
compartment_state,AR,No-NAC,RC,immune__checkpoint_neg,immune,False,35067,354392,0.09894975055870335
compartment_state,AR,No-NAC,RC,stroma__PDL1,stroma,False,29576,354392,0.0834556084787467
compartment_state,AR,No-NAC,RC,immune__PDL1,immune,False,14780,354392,0.04170523036637396
compartment_state,AR,No-NAC,RC,immune__PD1,immune,False,12115,354392,0.034185308923452
compartment_state,AR,No-NAC,RC,stroma__PD1,stroma,False,10399,354392,0.029343213165082732
compartment_state,AR,No-NAC,RC,tumor__PDL1,tumor,False,6653,354392,0.01877299713311813
compartment_state,AR,No-NAC,RC,immune__PD1_PDL1,immune,False,5123,354392,0.014455743921984695
compartment_state,AR,No-NAC,RC,stroma__PD1_PDL1,stroma,False,1986,354392,0.005603963972098693
compartment_state,AR,No-NAC,TURBT,stroma__checkpoint_neg,stroma,False,323487,906139,0.35699489813373003
compartment_state,AR,No-NAC,TURBT,tumor__checkpoint_neg,tumor,False,274040,906139,0.30242600748891724
compartment_state,AR,No-NAC,TURBT,immune__checkpoint_neg,immune,False,118728,906139,0.1310262553537592
compartment_state,AR,No-NAC,TURBT,stroma__PDL1,stroma,False,83892,906139,0.09258182243563073
compartment_state,AR,No-NAC,TURBT,immune__PDL1,immune,False,58868,906139,0.06496575028775939
compartment_state,AR,No-NAC,TURBT,tumor__PDL1,tumor,False,22615,906139,0.02495753962692258
compartment_state,AR,No-NAC,TURBT,immune__PD1,immune,False,10844,906139,0.011967258886329801
compartment_state,AR,No-NAC,TURBT,stroma__PD1,stroma,False,6160,906139,0.006798074026170378
compartment_state,AR,No-NAC,TURBT,immune__PD1_PDL1,immune,False,5901,906139,0.006512245913706396
compartment_state,AR,No-NAC,TURBT,stroma__PD1_PDL1,stroma,False,1604,906139,0.0017701478470742347
compartment_state,AR,PURE01,RC,stroma__checkpoint_neg,stroma,False,28489,61981,0.4596408576821929
compartment_state,AR,PURE01,RC,immune__checkpoint_neg,immune,False,15070,61981,0.2431390264758555
compartment_state,AR,PURE01,RC,tumor__checkpoint_neg,tumor,False,14464,61981,0.23336183669188945
compartment_state,AR,PURE01,RC,immune__PDL1,immune,False,1722,61981,0.027782707603943142
compartment_state,AR,PURE01,RC,stroma__PDL1,stroma,False,1056,61981,0.017037479227505203
compartment_state,AR,PURE01,RC,immune__PD1,immune,False,834,61981,0.013455736435359224
compartment_state,AR,PURE01,RC,tumor__PDL1,tumor,False,135,61981,0.0021780868330617447
compartment_state,AR,PURE01,RC,stroma__PD1,stroma,False,134,61981,0.0021619528565205467
compartment_state,AR,PURE01,RC,immune__PD1_PDL1,immune,False,68,61981,0.0010971104048014715
compartment_state,AR,PURE01,RC,stroma__PD1_PDL1,stroma,False,9,61981,0.000145205788870783
compartment_state,AR,PURE01,TURBT,stroma__checkpoint_neg,stroma,False,275359,757097,0.3637037262068137
compartment_state,AR,PURE01,TURBT,tumor__checkpoint_neg,tumor,False,202455,757097,0.26740959216586513
compartment_state,AR,PURE01,TURBT,immune__checkpoint_neg,immune,False,103755,757097,0.13704320582435275
compartment_state,AR,PURE01,TURBT,stroma__PDL1,stroma,False,65833,757097,0.08695451177326023
compartment_state,AR,PURE01,TURBT,immune__PDL1,immune,False,44017,757097,0.05813918163722746
compartment_state,AR,PURE01,TURBT,immune__PD1,immune,False,24675,757097,0.032591596585378094
compartment_state,AR,PURE01,TURBT,stroma__PD1,stroma,False,20058,757097,0.026493302707579082
compartment_state,AR,PURE01,TURBT,tumor__PDL1,tumor,False,11702,757097,0.01545640783149319
compartment_state,AR,PURE01,TURBT,immune__PD1_PDL1,immune,False,6681,757097,0.00882449672895283
compartment_state,AR,PURE01,TURBT,stroma__PD1_PDL1,stroma,False,2562,757097,0.0033839785390775553
phenotype_only,AR,BLASST,RC,stroma,stroma,False,1185427,1563573,0.7581526414180854
phenotype_only,AR,BLASST,RC,tumor,tumor,False,155764,1563573,0.09962054857688128
phenotype_only,AR,BLASST,RC,t_cell,t_cell,False,114117,1563573,0.07298475990567757
phenotype_only,AR,BLASST,RC,macrophage,macrophage,False,107049,1563573,0.06846434416557462
phenotype_only,AR,BLASST,RC,cd8_t_cell,cd8_t_cell,False,1216,1563573,0.0007777059337811538
phenotype_only,AR,BLASST,TURBT,stroma,stroma,False,3744824,5088987,0.7358682582604357
phenotype_only,AR,BLASST,TURBT,t_cell,t_cell,False,606592,5088987,0.11919700325428224
phenotype_only,AR,BLASST,TURBT,macrophage,macrophage,False,392235,5088987,0.07707526075425226
phenotype_only,AR,BLASST,TURBT,tumor,tumor,False,343328,5088987,0.06746490018543966
phenotype_only,AR,BLASST,TURBT,cd8_t_cell,cd8_t_cell,False,2008,5088987,0.0003945775455901145
phenotype_only,AR,NAC2020,RC,stroma,stroma,False,45045,109427,0.41164429254206003
phenotype_only,AR,NAC2020,RC,tumor,tumor,False,29396,109427,0.2686357114788855
phenotype_only,AR,NAC2020,RC,macrophage,macrophage,False,20036,109427,0.18309923510650936
phenotype_only,AR,NAC2020,RC,t_cell,t_cell,False,13203,109427,0.12065577965218821
phenotype_only,AR,NAC2020,RC,cd8_t_cell,cd8_t_cell,False,1747,109427,0.01596498122035695
phenotype_only,AR,NAC2020,TURBT,stroma,stroma,False,354248,739808,0.4788377524979454
phenotype_only,AR,NAC2020,TURBT,tumor,tumor,False,197430,739808,0.2668665383450841
phenotype_only,AR,NAC2020,TURBT,macrophage,macrophage,False,100536,739808,0.1358947186296985
phenotype_only,AR,NAC2020,TURBT,t_cell,t_cell,False,71823,739808,0.09708329728794499
phenotype_only,AR,NAC2020,TURBT,cd8_t_cell,cd8_t_cell,False,15771,739808,0.02131769323932696
phenotype_only,AR,No-NAC,RC,stroma,stroma,False,191817,354392,0.541256574640511
phenotype_only,AR,No-NAC,RC,tumor,tumor,False,95490,354392,0.2694473915889749
phenotype_only,AR,No-NAC,RC,macrophage,macrophage,False,34294,354392,0.09676855008013725
phenotype_only,AR,No-NAC,RC,t_cell,t_cell,False,27623,354392,0.0779447617327705
phenotype_only,AR,No-NAC,RC,cd8_t_cell,cd8_t_cell,False,5168,354392,0.014582721957606267
phenotype_only,AR,No-NAC,TURBT,stroma,stroma,False,415143,906139,0.4581449424426054
phenotype_only,AR,No-NAC,TURBT,tumor,tumor,False,296655,906139,0.32738354711583983
phenotype_only,AR,No-NAC,TURBT,t_cell,t_cell,False,95884,906139,0.10581599511774684
phenotype_only,AR,No-NAC,TURBT,macrophage,macrophage,False,88392,906139,0.09754794794176169
phenotype_only,AR,No-NAC,TURBT,cd8_t_cell,cd8_t_cell,False,10065,906139,0.011107567382046242
phenotype_only,AR,PURE01,RC,stroma,stroma,False,29688,61981,0.47898549555508946
phenotype_only,AR,PURE01,RC,tumor,tumor,False,14599,61981,0.2355399235249512
phenotype_only,AR,PURE01,RC,macrophage,macrophage,False,9998,61981,0.1613074974588987
phenotype_only,AR,PURE01,RC,t_cell,t_cell,False,7041,61981,0.11359932882657589
phenotype_only,AR,PURE01,RC,cd8_t_cell,cd8_t_cell,False,655,61981,0.010567754634484762
phenotype_only,AR,PURE01,TURBT,stroma,stroma,False,363812,757097,0.48053551922673055
phenotype_only,AR,PURE01,TURBT,tumor,tumor,False,214157,757097,0.28286599999735834
phenotype_only,AR,PURE01,TURBT,macrophage,macrophage,False,91245,757097,0.12051956354337687
phenotype_only,AR,PURE01,TURBT,t_cell,t_cell,False,81550,757097,0.10771407098429923
phenotype_only,AR,PURE01,TURBT,cd8_t_cell,cd8_t_cell,False,6333,757097,0.008364846248235035
phenotype_only,BT,BLASST,RC,stroma,stroma,False,955054,1170122,0.8162003620135336
phenotype_only,BT,BLASST,RC,tumour,tumour,False,58773,1170122,0.05022809587376359
phenotype_only,BT,BLASST,RC,t_cell,t_cell,False,54736,1170122,0.04677802827397485
phenotype_only,BT,BLASST,RC,cd8_t_cell,cd8_t_cell,False,49545,1170122,0.04234173872467999
phenotype_only,BT,BLASST,RC,b_cell,b_cell,False,26139,1170122,0.02233869630688082
phenotype_only,BT,BLASST,RC,treg_cell,treg_cell,False,13651,1170122,0.0116663048810295
phenotype_only,BT,BLASST,RC,plasma_cell,plasma_cell,False,12224,1170122,0.010446773926137616
phenotype_only,BT,BLASST,TURBT,stroma,stroma,False,2246208,3165309,0.7096330879544461
phenotype_only,BT,BLASST,TURBT,tumour,tumour,False,279092,3165309,0.08817211842508899
phenotype_only,BT,BLASST,TURBT,t_cell,t_cell,False,263666,3165309,0.08329866057310677
phenotype_only,BT,BLASST,TURBT,cd8_t_cell,cd8_t_cell,False,140553,3165309,0.044404195609338615
phenotype_only,BT,BLASST,TURBT,treg_cell,treg_cell,False,102594,3165309,0.032412001482319736
phenotype_only,BT,BLASST,TURBT,b_cell,b_cell,False,93270,3165309,0.029466317506442498
phenotype_only,BT,BLASST,TURBT,plasma_cell,plasma_cell,False,39926,3165309,0.012613618449257244
phenotype_only,BT,NAC2020,RC,stroma,stroma,False,70928,127216,0.5575399320840146
phenotype_only,BT,NAC2020,RC,tumour,tumour,False,35542,127216,0.27938309646585335
phenotype_only,BT,NAC2020,RC,cd8_t_cell,cd8_t_cell,False,7745,127216,0.060880706829329646
phenotype_only,BT,NAC2020,RC,t_cell,t_cell,False,5601,127216,0.04402748082002264
phenotype_only,BT,NAC2020,RC,treg_cell,treg_cell,False,3136,127216,0.02465098729719532
phenotype_only,BT,NAC2020,RC,plasma_cell,plasma_cell,False,2920,127216,0.022953087661929317
phenotype_only,BT,NAC2020,RC,b_cell,b_cell,False,1344,127216,0.010564708841655137
phenotype_only,BT,NAC2020,TURBT,stroma,stroma,False,335804,766090,0.4383349214844209
phenotype_only,BT,NAC2020,TURBT,tumour,tumour,False,293983,766090,0.3837447297314937
phenotype_only,BT,NAC2020,TURBT,cd8_t_cell,cd8_t_cell,False,51746,766090,0.06754558863841063
phenotype_only,BT,NAC2020,TURBT,t_cell,t_cell,False,28136,766090,0.036726755342061636
phenotype_only,BT,NAC2020,TURBT,b_cell,b_cell,False,19752,766090,0.02578287146418828
phenotype_only,BT,NAC2020,TURBT,treg_cell,treg_cell,False,19466,766090,0.025409547181140597
phenotype_only,BT,NAC2020,TURBT,plasma_cell,plasma_cell,False,17203,766090,0.022455586158284274
phenotype_only,BT,No-NAC,RC,stroma,stroma,False,146836,327565,0.44826522980171873
phenotype_only,BT,No-NAC,RC,tumour,tumour,False,124564,327565,0.38027261764840564
phenotype_only,BT,No-NAC,RC,cd8_t_cell,cd8_t_cell,False,20946,327565,0.06394456062155603
phenotype_only,BT,No-NAC,RC,t_cell,t_cell,False,16251,327565,0.049611527483094955
phenotype_only,BT,No-NAC,RC,treg_cell,treg_cell,False,7638,327565,0.023317509501930914
phenotype_only,BT,No-NAC,RC,plasma_cell,plasma_cell,False,6910,327565,0.021095049837436843
phenotype_only,BT,No-NAC,RC,b_cell,b_cell,False,4420,327565,0.013493505105856852
phenotype_only,BT,No-NAC,TURBT,tumour,tumour,False,389357,852040,0.45697033003145393
phenotype_only,BT,No-NAC,TURBT,stroma,stroma,False,319421,852040,0.37488967654100747
phenotype_only,BT,No-NAC,TURBT,t_cell,t_cell,False,48453,852040,0.056867048495375806
phenotype_only,BT,No-NAC,TURBT,cd8_t_cell,cd8_t_cell,False,42699,852040,0.05011384442044974
phenotype_only,BT,No-NAC,TURBT,treg_cell,treg_cell,False,23448,852040,0.027519834749542275
phenotype_only,BT,No-NAC,TURBT,plasma_cell,plasma_cell,False,17571,852040,0.020622271254870664
phenotype_only,BT,No-NAC,TURBT,b_cell,b_cell,False,11091,852040,0.013016994507300126
phenotype_only,BT,PURE01,RC,stroma,stroma,False,36862,59314,0.6214721650875005
phenotype_only,BT,PURE01,RC,tumour,tumour,False,9286,59314,0.15655663081228716
phenotype_only,BT,PURE01,RC,t_cell,t_cell,False,5738,59314,0.09673938699126682
phenotype_only,BT,PURE01,RC,b_cell,b_cell,False,2340,59314,0.03945105708601679
phenotype_only,BT,PURE01,RC,cd8_t_cell,cd8_t_cell,False,2177,59314,0.036702970630879725
phenotype_only,BT,PURE01,RC,plasma_cell,plasma_cell,False,1808,59314,0.03048184239808477
phenotype_only,BT,PURE01,RC,treg_cell,treg_cell,False,1103,59314,0.018595946993964326
phenotype_only,BT,PURE01,TURBT,stroma,stroma,False,311747,757819,0.4113739560501914
phenotype_only,BT,PURE01,TURBT,tumour,tumour,False,310013,757819,0.40908581072789146
phenotype_only,BT,PURE01,TURBT,t_cell,t_cell,False,45283,757819,0.059754374065575024
phenotype_only,BT,PURE01,TURBT,cd8_t_cell,cd8_t_cell,False,40283,757819,0.0531564925133838
phenotype_only,BT,PURE01,TURBT,treg_cell,treg_cell,False,20331,757819,0.02682830596751995
phenotype_only,BT,PURE01,TURBT,plasma_cell,plasma_cell,False,16941,757819,0.0223549422751343
phenotype_only,BT,PURE01,TURBT,b_cell,b_cell,False,13221,757819,0.01744611840030403
