panel,cohort,sample_type,marker_combo,collapse_label,state,excluded_from_primary,n_cells,total_cells_panel_cohort,cell_fraction_within_panel_cohort
AR,BLASST,TURBT,ALL_NEG,stroma,None,False,2192938,6754522,0.3246622040760249
AR,BLASST,TURBT,PD1-,stroma,None,False,1310042,6754522,0.1939503639191641
AR,BLASST,RC,ALL_NEG,stroma,None,False,719425,6754522,0.10651012758563819
AR,BLASST,RC,PD1-,stroma,None,False,423923,6754522,0.06276136194389477
AR,BLASST,TURBT,CD3+,t_cell,None,False,321734,6754522,0.04763238612591683
AR,BLASST,TURBT,CD68+,macrophage,None,False,221691,6754522,0.03282112338963438
AR,BLASST,TURBT,CD3+;PD1-,t_cell,None,False,197790,6754522,0.02928260504592331
AR,BLASST,TURBT,PDL1+,stroma,PDL1,False,193424,6754522,0.028636223259025585
AR,BLASST,TURBT,PanCK+,tumor,None,False,181963,6754522,0.026939434056177478
AR,BLASST,TURBT,PD1-;PanCK+,tumor,None,False,160146,6754522,0.023709449758250845
AR,BLASST,TURBT,CD68+;PD1-,macrophage,None,False,126060,6754522,0.018663052692699793
AR,BLASST,RC,PanCK+,tumor,None,False,85510,6754522,0.012659667108938278
AR,BLASST,RC,PD1-;PanCK+,tumor,None,False,73287,6754522,0.010850064593764
AR,BLASST,TURBT,CD3+;PD1-;PDL1+,t_cell,PDL1,False,69892,6754522,0.010347438353150674
AR,BLASST,RC,CD3+,t_cell,None,False,60850,6754522,0.009008779599799956
AR,BLASST,RC,CD68+,macrophage,None,False,59418,6754522,0.008796773480047884
AR,BLASST,RC,PDL1+,stroma,PDL1,False,50056,6754522,0.007410739057478827
AR,BLASST,TURBT,PD1-;PDL1+,stroma,PDL1,False,47439,6754522,0.00702329491265259
AR,BLASST,TURBT,CD68+;PD1-;PDL1+,macrophage,PDL1,False,46137,6754522,0.00683053515852047
AR,BLASST,RC,CD3+;PD1-,t_cell,None,False,40981,6754522,0.006067194688239967
AR,BLASST,TURBT,PD1+,stroma,PD1,False,38221,6754522,0.0056585795412317855
AR,BLASST,RC,CD68+;PD1-,macrophage,None,False,36572,6754522,0.0054144467957910275
AR,BLASST,RC,PD1-;PDL1+,stroma,PDL1,False,16621,6754522,0.0024607218689938386
AR,BLASST,TURBT,CD3+;PD1+,t_cell,PD1,False,15331,6754522,0.0022697387024574055
AR,BLASST,RC,PD1+,stroma,PD1,False,13867,6754522,0.0020529950157835
AR,BLASST,RC,CD3+;PD1-;PDL1+,t_cell,PDL1,False,11238,6754522,0.0016637742833615762
AR,BLASST,RC,CD68+;PD1-;PDL1+,macrophage,PDL1,False,11067,6754522,0.0016384579101230258
AR,BLASST,TURBT,PD1-;PDL1+;PanCK+,tumor,PDL1,False,6993,6754522,0.0010353064213870352
AR,BLASST,RC,PD1-;PDL1+;PanCK+,tumor,PDL1,False,4405,6754522,0.0006521556965837109
AR,BLASST,TURBT,CD3+;PD1+;PDL1+,t_cell,PD1_PDL1,False,3823,6754522,0.0005659911981928551
AR,BLASST,RC,CD3+;PD1+,t_cell,PD1,False,2555,6754522,0.00037826510891518305
AR,BLASST,TURBT,CD68+;PD1+,macrophage,PD1,False,2101,6754522,0.0003110508782116632
AR,BLASST,TURBT,CD68+;PD1+;PDL1+,macrophage,PD1_PDL1,False,1220,6754522,0.00018061973889492105
AR,BLASST,TURBT,CD3+;CD8+;PD1-;PDL1+,cd8_t_cell,PDL1,False,1207,6754522,0.000178695102332926
AR,BLASST,RC,CD3+;CD8+;PD1-;PDL1+,cd8_t_cell,PDL1,False,1197,6754522,0.00017721461266985287
AR,BLASST,TURBT,PD1+;PDL1+,stroma,PD1_PDL1,False,1139,6754522,0.00016862777262402877
AR,BLASST,RC,PD1+;PDL1+,stroma,PD1_PDL1,False,1137,6754522,0.00016833167469141415
AR,BLASST,RC,CD68+;PD1+,macrophage,PD1,False,873,6754522,0.00012924674758628367
AR,BLASST,RC,CD3+;PD1+;PDL1+,t_cell,PD1_PDL1,False,661,6754522,9.786036672913346e-05
AR,BLASST,RC,CD68+;PD1+;PDL1+,macrophage,PD1_PDL1,False,661,6754522,9.786036672913346e-05
AR,BLASST,TURBT,CD3+;CD8+;PD1-,cd8_t_cell,None,False,537,6754522,7.950229490702674e-05
AR,BLASST,TURBT,CD3+;CD8+;PD1+;PDL1+,cd8_t_cell,PD1_PDL1,False,190,6754522,2.8129303598389346e-05
AR,BLASST,TURBT,CD3+;CD8+;PD1+,cd8_t_cell,PD1,False,85,6754522,1.2584162136121549e-05
AR,BLASST,RC,CD3+;CD8+;PD1-,cd8_t_cell,None,False,50,6754522,7.402448315365617e-06
AR,BLASST,RC,CD3+;CD8+;PD1+;PDL1+,cd8_t_cell,PD1_PDL1,False,47,6754522,6.95830141644368e-06
AR,BLASST,RC,CD3+;CD8+;PD1+,cd8_t_cell,PD1,False,18,6754522,2.6648813935316223e-06
AR,NAC2020,TURBT,PD1-,stroma,None,False,264192,856016,0.30862974523840675
AR,NAC2020,TURBT,PD1-;PanCK+,tumor,None,False,177952,856016,0.20788396478570495
AR,NAC2020,TURBT,PD1-;PDL1+,stroma,PDL1,False,86665,856016,0.10124226649969159
AR,NAC2020,TURBT,CD68+;PD1-,macrophage,None,False,60127,856016,0.07024050952318649
AR,NAC2020,TURBT,CD68+;PD1-;PDL1+,macrophage,PDL1,False,38639,856016,0.045138174987383414
AR,NAC2020,TURBT,CD3+;PD1-,t_cell,None,False,36685,856016,0.04285550737369395
AR,NAC2020,RC,PD1-,stroma,None,False,33607,856016,0.03925978019102447
AR,NAC2020,RC,PD1-;PanCK+,tumor,None,False,27572,856016,0.03220967832376965
AR,NAC2020,TURBT,PD1-;PDL1+;PanCK+,tumor,PDL1,False,20101,856016,0.023482037718921142
AR,NAC2020,TURBT,CD3+;PD1-;PDL1+,t_cell,PDL1,False,18567,856016,0.02169001513990393
AR,NAC2020,TURBT,CD3+;PD1+,t_cell,PD1,False,12389,856016,0.014472860320367844
AR,NAC2020,RC,PD1-;PDL1+,stroma,PDL1,False,11746,856016,0.013721706136333901
AR,NAC2020,RC,CD68+;PD1-,macrophage,None,False,10550,856016,0.012324535989981495
AR,NAC2020,RC,CD68+;PD1-;PDL1+,macrophage,PDL1,False,9561,856016,0.0111691837535747
AR,NAC2020,TURBT,CD3+;CD8+;PD1-;PDL1+,cd8_t_cell,PDL1,False,6430,856016,0.007511541840339433
AR,NAC2020,RC,CD3+;PD1-,t_cell,None,False,5949,856016,0.006949636455393357
AR,NAC2020,TURBT,CD3+;CD8+;PD1+;PDL1+,cd8_t_cell,PD1_PDL1,False,5276,856016,0.006163436197454253
AR,NAC2020,RC,CD3+;PD1-;PDL1+,t_cell,PDL1,False,4547,856016,0.005311816601558849
AR,NAC2020,TURBT,CD3+;PD1+;PDL1+,t_cell,PD1_PDL1,False,4528,856016,0.005289620754752248
AR,NAC2020,TURBT,PD1+,stroma,PD1,False,4044,856016,0.004724210762415656
AR,NAC2020,TURBT,CD3+;CD8+;PD1+,cd8_t_cell,PD1,False,2805,856016,0.003276807910132521
AR,NAC2020,RC,PD1-;PDL1+;PanCK+,tumor,PDL1,False,2388,856016,0.002789667482850788
AR,NAC2020,TURBT,PD1+;PDL1+,stroma,PD1_PDL1,False,2006,856016,0.0023434141417917422
AR,NAC2020,RC,CD3+;PD1+,t_cell,PD1,False,1947,856016,0.0022744901964449264
AR,NAC2020,TURBT,CD3+;CD8+;PD1-,cd8_t_cell,None,False,1410,856016,0.0016471654735425506
AR,NAC2020,TURBT,CD68+;PD1+,macrophage,PD1,False,1381,856016,0.0016132876021008953
AR,NAC2020,TURBT,CD68+;PD1+;PDL1+,macrophage,PD1_PDL1,False,1319,856016,0.0015408590493635633
AR,NAC2020,RC,CD3+;PD1+;PDL1+,t_cell,PD1_PDL1,False,972,856016,0.0011354927945272052
AR,NAC2020,RC,CD3+;CD8+;PD1-;PDL1+,cd8_t_cell,PDL1,False,879,856016,0.001026849965421207
AR,NAC2020,RC,CD3+;CD8+;PD1+;PDL1+,cd8_t_cell,PD1_PDL1,False,704,856016,0.00082241453430777
AR,NAC2020,RC,PD1+,stroma,PD1,False,426,856016,0.0004976542494532812
AR,NAC2020,RC,CD68+;PD1+,macrophage,PD1,False,194,856016,0.00022663127792003888
AR,NAC2020,RC,CD68+;PD1+;PDL1+,macrophage,PD1_PDL1,False,142,856016,0.0001658847498177604
AR,NAC2020,RC,CD3+;CD8+;PD1+,cd8_t_cell,PD1,False,141,856016,0.00016471654735425507
AR,NAC2020,RC,PD1+;PDL1+,stroma,PD1_PDL1,False,132,856016,0.00015420272518270687
AR,NAC2020,RC,CD3+;CD8+;PD1-,cd8_t_cell,None,False,43,856016,5.023270593073027e-05
AR,No-NAC,TURBT,PD1-,stroma,None,False,332487,1300090,0.25574152558669017
AR,No-NAC,TURBT,PD1-;PanCK+,tumor,None,False,283853,1300090,0.21833334615295863
AR,No-NAC,RC,PD1-,stroma,None,False,150970,1300090,0.11612272996484858
AR,No-NAC,RC,PD1-;PanCK+,tumor,None,False,89643,1300090,0.06895138028905691
AR,No-NAC,TURBT,PD1-;PDL1+,stroma,PDL1,False,88987,1300090,0.06844679983693437
AR,No-NAC,TURBT,CD68+;PD1-,macrophage,None,False,61841,1300090,0.047566706920290136
AR,No-NAC,TURBT,CD3+;PD1-,t_cell,None,False,59200,1300090,0.0455353090939858
AR,No-NAC,RC,PD1-;PDL1+,stroma,PDL1,False,29838,1300090,0.022950718796391018
AR,No-NAC,TURBT,CD3+;PD1-;PDL1+,t_cell,PDL1,False,29755,1300090,0.02288687706235722
AR,No-NAC,TURBT,CD68+;PD1-;PDL1+,macrophage,PDL1,False,27293,1300090,0.020993162011860717
AR,No-NAC,TURBT,PD1-;PDL1+;PanCK+,tumor,PDL1,False,26241,1300090,0.020183987262420294
AR,No-NAC,RC,CD68+;PD1-,macrophage,None,False,24013,1300090,0.01847025975124799
AR,No-NAC,RC,CD3+;PD1-,t_cell,None,False,11109,1300090,0.008544793052788654
AR,No-NAC,RC,PD1+,stroma,PD1,False,10441,1300090,0.008030982470444354
AR,No-NAC,RC,CD3+;PD1+,t_cell,PD1,False,9542,1300090,0.007339491881331293
AR,No-NAC,TURBT,CD3+;PD1+,t_cell,PD1,False,8949,1300090,0.006883369612872955
AR,No-NAC,RC,CD68+;PD1-;PDL1+,macrophage,PDL1,False,8017,1300090,0.0061664961656500705
AR,No-NAC,RC,PD1-;PDL1+;PanCK+,tumor,PDL1,False,6782,1300090,0.0052165619303279
AR,No-NAC,TURBT,PD1+,stroma,PD1,False,6375,1300090,0.004903506680306748
AR,No-NAC,TURBT,CD3+;CD8+;PD1-;PDL1+,cd8_t_cell,PDL1,False,6056,1300090,0.00465813905191179
AR,No-NAC,RC,CD3+;PD1-;PDL1+,t_cell,PDL1,False,4619,1300090,0.003552830957856764
AR,No-NAC,TURBT,CD3+;PD1+;PDL1+,t_cell,PD1_PDL1,False,3037,1300090,0.002335992123622211
AR,No-NAC,TURBT,CD3+;CD8+;PD1+;PDL1+,cd8_t_cell,PD1_PDL1,False,2656,1300090,0.002042935489081525
AR,No-NAC,RC,CD3+;PD1+;PDL1+,t_cell,PD1_PDL1,False,2643,1300090,0.0020329361813412918
AR,No-NAC,RC,CD3+;CD8+;PD1-;PDL1+,cd8_t_cell,PDL1,False,2312,1300090,0.0017783384227245806
AR,No-NAC,RC,PD1+;PDL1+,stroma,PD1_PDL1,False,2004,1300090,0.0015414317470328978
AR,No-NAC,RC,CD68+;PD1+,macrophage,PD1,False,1962,1300090,0.0015091262912567591
AR,No-NAC,RC,CD3+;CD8+;PD1+;PDL1+,cd8_t_cell,PD1_PDL1,False,1816,1300090,0.0013968263735587537
AR,No-NAC,TURBT,PD1+;PDL1+,stroma,PD1_PDL1,False,1805,1300090,0.0013883654208554793
AR,No-NAC,TURBT,CD68+;PD1+,macrophage,PD1,False,1118,1300090,0.0008599404656600697
AR,No-NAC,TURBT,CD3+;CD8+;PD1+,cd8_t_cell,PD1,False,1080,1300090,0.0008307117199578491
AR,No-NAC,TURBT,CD3+;CD8+;PD1-,cd8_t_cell,None,False,975,1300090,0.0007499480805175027
AR,No-NAC,RC,CD68+;PD1+;PDL1+,macrophage,PD1_PDL1,False,764,1300090,0.0005876516241183303
AR,No-NAC,TURBT,CD68+;PD1+;PDL1+,macrophage,PD1_PDL1,False,746,1300090,0.0005738064287856995
AR,No-NAC,RC,CD3+;CD8+;PD1+,cd8_t_cell,PD1,False,729,1300090,0.0005607304109715481
AR,No-NAC,RC,CD3+;CD8+;PD1-,cd8_t_cell,None,False,432,1300090,0.0003322846879831396
AR,PURE01,TURBT,PD1-,stroma,None,False,281182,837544,0.33572206355725787
AR,PURE01,TURBT,PD1-;PanCK+,tumor,None,False,206598,837544,0.2466712196612954
AR,PURE01,TURBT,PD1-;PDL1+,stroma,PDL1,False,67825,837544,0.08098082011213739
AR,PURE01,TURBT,CD68+;PD1-,macrophage,None,False,57618,837544,0.06879399768847964
AR,PURE01,TURBT,CD3+;PD1-,t_cell,None,False,47205,837544,0.05636121803750012
AR,PURE01,RC,PD1-,stroma,None,False,29096,837544,0.03473966740851824
AR,PURE01,TURBT,CD68+;PD1-;PDL1+,macrophage,PDL1,False,25338,837544,0.03025273896057998
AR,PURE01,TURBT,PD1+,stroma,PD1,False,20198,837544,0.024115747948764484
AR,PURE01,TURBT,CD3+;PD1-;PDL1+,t_cell,PDL1,False,17869,837544,0.02133499851948077
AR,PURE01,TURBT,CD3+;PD1+,t_cell,PD1,False,15193,837544,0.01813994249854336
AR,PURE01,RC,PD1-;PanCK+,tumor,None,False,14744,837544,0.017603851260351695
AR,PURE01,TURBT,PD1-;PDL1+;PanCK+,tumor,PDL1,False,12876,837544,0.0153735206747347
AR,PURE01,RC,CD68+;PD1-,macrophage,None,False,9555,837544,0.011408355859513053
AR,PURE01,TURBT,CD68+;PD1+,macrophage,PD1,False,7824,837544,0.009341598769736276
AR,PURE01,RC,CD3+;PD1-,t_cell,None,False,5714,837544,0.0068223281403723265
AR,PURE01,TURBT,CD3+;PD1+;PDL1+,t_cell,PD1_PDL1,False,3075,837544,0.0036714489029830073
AR,PURE01,TURBT,PD1+;PDL1+,stroma,PD1_PDL1,False,2687,837544,0.003208189659289542
AR,PURE01,TURBT,CD68+;PD1+;PDL1+,macrophage,PD1_PDL1,False,2390,837544,0.002853581423781915
AR,PURE01,TURBT,CD3+;CD8+;PD1-;PDL1+,cd8_t_cell,PDL1,False,2349,837544,0.002804628771742141
AR,PURE01,TURBT,CD3+;CD8+;PD1+,cd8_t_cell,PD1,False,1848,837544,0.0022064512431585683
AR,PURE01,TURBT,CD3+;CD8+;PD1+;PDL1+,cd8_t_cell,PD1_PDL1,False,1510,837544,0.0018028903556111678
AR,PURE01,RC,PD1-;PDL1+,stroma,PDL1,False,1058,837544,0.0012632172160507388
AR,PURE01,TURBT,CD3+;CD8+;PD1-,cd8_t_cell,None,False,725,837544,0.0008656261641179448
AR,PURE01,RC,CD3+;PD1+,t_cell,PD1,False,721,837544,0.0008608502956262596
AR,PURE01,RC,CD68+;PD1-;PDL1+,macrophage,PDL1,False,696,837544,0.0008310011175532271
AR,PURE01,RC,CD3+;PD1-;PDL1+,t_cell,PDL1,False,637,837544,0.0007605570573008701
AR,PURE01,RC,CD3+;CD8+;PD1-;PDL1+,cd8_t_cell,PDL1,False,400,837544,0.0004775868491685213
AR,PURE01,RC,CD3+;CD8+;PD1-,cd8_t_cell,None,False,144,837544,0.00017193126570066766
AR,PURE01,RC,PD1-;PDL1+;PanCK+,tumor,PDL1,False,138,837544,0.00016476746296313985
AR,PURE01,RC,PD1+,stroma,PD1,False,135,837544,0.00016118556159437592
AR,PURE01,RC,CD3+;CD8+;PD1+,cd8_t_cell,PD1,False,85,837544,0.00010148720544831077
AR,PURE01,RC,CD3+;CD8+;PD1+;PDL1+,cd8_t_cell,PD1_PDL1,False,40,837544,4.775868491685213e-05
AR,PURE01,RC,CD68+;PD1+,macrophage,PD1,False,34,837544,4.059488217932431e-05
AR,PURE01,RC,CD3+;PD1+;PDL1+,t_cell,PD1_PDL1,False,25,837544,2.9849178073032582e-05
AR,PURE01,RC,PD1+;PDL1+,stroma,PD1_PDL1,False,9,837544,1.0745704106291729e-05
AR,PURE01,RC,CD68+;PD1+;PDL1+,macrophage,PD1_PDL1,False,3,837544,3.5819013687639096e-06
BT,BLASST,TURBT,ALL_NEG,stroma,None,False,2338708,4539257,0.5152182394607752
BT,BLASST,RC,ALL_NEG,stroma,None,False,1031932,4539257,0.22733500218207517
BT,BLASST,TURBT,PanCK+,tumour,PANCK,False,289317,4539257,0.06373664236239543
BT,BLASST,TURBT,CD3+,t_cell,CD3_T,False,270839,4539257,0.05966593211179715
BT,BLASST,TURBT,CD8+,cd8_t_cell,CD8,False,88330,4539257,0.019459131747772817
BT,BLASST,TURBT,CD20+,b_cell,B_CELL,False,77638,4539257,0.01710368018378338
BT,BLASST,TURBT,FoxP3+,treg_cell,FOXP3,False,63580,4539257,0.014006697571871344
BT,BLASST,RC,PanCK+,tumour,PANCK,False,58963,4539257,0.012989570760148632
BT,BLASST,RC,CD3+,t_cell,CD3_T,False,55139,4539257,0.012147142142425512
BT,BLASST,TURBT,CD3+;CD8+,cd8_t_cell,CD8_T,False,54763,4539257,0.012064309203025958
BT,BLASST,TURBT,CD79a+,plasma_cell,PLASMA_CELL,False,41483,4539257,0.009138720279552358
BT,BLASST,TURBT,CD3+;FoxP3+,treg_cell,TREG,False,38568,4539257,0.008496544698835073
BT,BLASST,RC,CD8+,cd8_t_cell,CD8,False,34849,4539257,0.00767724762004002
BT,BLASST,RC,CD20+,b_cell,B_CELL,False,22178,4539257,0.004885821622349208
BT,BLASST,TURBT,CD20+;CD79a+,b_cell,B_CELL,False,20011,4539257,0.004408430718948057
BT,BLASST,RC,CD3+;CD8+,cd8_t_cell,CD8_T,False,16398,4539257,0.0036124854794518132
BT,BLASST,RC,CD79a+,plasma_cell,PLASMA_CELL,False,12793,4539257,0.0028183026429215176
BT,BLASST,RC,FoxP3+,treg_cell,FOXP3,False,7695,4539257,0.0016952113528711857
BT,BLASST,RC,CD20+;CD79a+,b_cell,B_CELL,False,6237,4539257,0.0013740134123271716
BT,BLASST,RC,CD3+;FoxP3+,treg_cell,TREG,False,4410,4539257,0.0009715246349788082
BT,BLASST,TURBT,CD3+;CD8+;FoxP3+,treg_cell,CD8_FOXP3,False,3792,4539257,0.000835379005859329
BT,BLASST,RC,CD3+;CD8+;FoxP3+,treg_cell,CD8_FOXP3,False,1634,4539257,0.0003599708057948691
BT,NAC2020,TURBT,ALL_NEG,stroma,None,False,340619,914142,0.37261060097884136
BT,NAC2020,TURBT,PanCK+,tumour,PANCK,False,295316,914142,0.32305265483918255
BT,NAC2020,RC,ALL_NEG,stroma,None,False,78744,914142,0.08613979009825606
BT,NAC2020,TURBT,CD3+;CD8+,cd8_t_cell,CD8_T,False,39789,914142,0.04352606050263526
BT,NAC2020,RC,PanCK+,tumour,PANCK,False,38211,914142,0.041799851664183464
BT,NAC2020,TURBT,CD3+,t_cell,CD3_T,False,28343,914142,0.03100502985313004
BT,NAC2020,TURBT,CD79a+,plasma_cell,PLASMA_CELL,False,17258,914142,0.01887890502788407
BT,NAC2020,TURBT,CD3+;FoxP3+,treg_cell,TREG,False,14506,914142,0.015868431819126567
BT,NAC2020,TURBT,CD8+,cd8_t_cell,CD8,False,14175,914142,0.015506343653393017
BT,NAC2020,TURBT,CD20+,b_cell,B_CELL,False,11467,914142,0.012544003010473209
BT,NAC2020,TURBT,CD20+;CD79a+,b_cell,B_CELL,False,8666,914142,0.009479927626123732
BT,NAC2020,RC,CD3+;CD8+,cd8_t_cell,CD8_T,False,7175,914142,0.007848889997396465
BT,NAC2020,RC,CD3+,t_cell,CD3_T,False,5962,914142,0.006521962671007349
BT,NAC2020,TURBT,FoxP3+,treg_cell,FOXP3,False,3243,914142,0.003547588886628117
BT,NAC2020,RC,CD79a+,plasma_cell,PLASMA_CELL,False,2936,914142,0.0032117548477151254
BT,NAC2020,RC,CD3+;FoxP3+,treg_cell,TREG,False,2640,914142,0.002887953950261557
BT,NAC2020,TURBT,CD3+;CD8+;FoxP3+,treg_cell,CD8_FOXP3,False,1837,914142,0.0020095346237236664
BT,NAC2020,RC,CD8+,cd8_t_cell,CD8,False,1151,914142,0.0012591041654360046
BT,NAC2020,RC,CD20+;CD79a+,b_cell,B_CELL,False,806,914142,0.0008817010923904601
BT,NAC2020,RC,CD20+,b_cell,B_CELL,False,621,914142,0.0006793255314819798
BT,NAC2020,RC,CD3+;CD8+;FoxP3+,treg_cell,CD8_FOXP3,False,416,914142,0.0004550715315563665
BT,NAC2020,RC,FoxP3+,treg_cell,FOXP3,False,261,914142,0.0002855136291735857
BT,No-NAC,TURBT,PanCK+,tumour,PANCK,False,413762,1226872,0.33724952562288485
BT,No-NAC,TURBT,ALL_NEG,stroma,None,False,333224,1226872,0.27160453576249194
BT,No-NAC,RC,ALL_NEG,stroma,None,False,147628,1226872,0.12032877105354103
BT,No-NAC,RC,PanCK+,tumour,PANCK,False,126353,1226872,0.10298792376058791
BT,No-NAC,TURBT,CD3+,t_cell,CD3_T,False,50091,1226872,0.04082822005881624
BT,No-NAC,TURBT,CD3+;CD8+,cd8_t_cell,CD8_T,False,41036,1226872,0.033447662021792
BT,No-NAC,TURBT,CD3+;FoxP3+,treg_cell,TREG,False,19501,1226872,0.01589489368084038
BT,No-NAC,RC,CD3+;CD8+,cd8_t_cell,CD8_T,False,19126,1226872,0.015589238323150255
BT,No-NAC,TURBT,CD79a+,plasma_cell,PLASMA_CELL,False,18305,1226872,0.01492005686004734
BT,No-NAC,RC,CD3+,t_cell,CD3_T,False,16330,1226872,0.013310271976212677
BT,No-NAC,TURBT,CD20+;CD79a+,b_cell,B_CELL,False,10312,1226872,0.008405114796001539
BT,No-NAC,RC,CD79a+,plasma_cell,PLASMA_CELL,False,7094,1226872,0.0057821842865433395
BT,No-NAC,RC,CD3+;FoxP3+,treg_cell,TREG,False,6081,1226872,0.00495650728030308
BT,No-NAC,RC,CD20+;CD79a+,b_cell,B_CELL,False,3965,1226872,0.00323179598197693
BT,No-NAC,TURBT,CD8+,cd8_t_cell,CD8,False,3149,1226872,0.002566689923643216
BT,No-NAC,RC,CD8+,cd8_t_cell,CD8,False,2792,1226872,0.0022757060231222166
BT,No-NAC,TURBT,FoxP3+,treg_cell,FOXP3,False,2655,1226872,0.0021640399324460904
BT,No-NAC,TURBT,CD3+;CD8+;FoxP3+,treg_cell,CD8_FOXP3,False,1797,1226872,0.0014647004740510827
BT,No-NAC,TURBT,CD20+,b_cell,B_CELL,False,1591,1226872,0.0012967937975599737
BT,No-NAC,RC,CD3+;CD8+;FoxP3+,treg_cell,CD8_FOXP3,False,1472,1226872,0.0011997991640529738
BT,No-NAC,RC,CD20+,b_cell,B_CELL,False,486,1226872,0.00039612934356640303
BT,No-NAC,RC,FoxP3+,treg_cell,FOXP3,False,122,1226872,9.943987636852092e-05
BT,PURE01,TURBT,ALL_NEG,stroma,None,False,326467,846263,0.3857748714052251
BT,PURE01,TURBT,PanCK+,tumour,PANCK,False,313030,846263,0.36989682876363494
BT,PURE01,TURBT,CD3+,t_cell,CD3_T,False,45611,846263,0.053896956383535616
BT,PURE01,RC,ALL_NEG,stroma,None,False,45115,846263,0.053310850173054945
BT,PURE01,TURBT,CD3+;CD8+,cd8_t_cell,CD8_T,False,38027,846263,0.04493520335876672
BT,PURE01,TURBT,CD79a+,plasma_cell,PLASMA_CELL,False,17071,846263,0.020172215965958574
BT,PURE01,TURBT,CD3+;FoxP3+,treg_cell,TREG,False,16240,846263,0.01919025173025407
BT,PURE01,TURBT,CD20+;CD79a+,b_cell,B_CELL,False,11276,846263,0.013324462962459661
BT,PURE01,RC,PanCK+,tumour,PANCK,False,10428,846263,0.012322410409057231
BT,PURE01,RC,CD3+,t_cell,CD3_T,False,6165,846263,0.007284969329865538
BT,PURE01,TURBT,FoxP3+,treg_cell,FOXP3,False,2745,846263,0.00324367247534159
BT,PURE01,TURBT,CD8+,cd8_t_cell,CD8,False,2520,846263,0.002977797682280804
BT,PURE01,RC,CD3+;CD8+,cd8_t_cell,CD8_T,False,2373,846263,0.0028040928174810904
BT,PURE01,TURBT,CD20+,b_cell,B_CELL,False,2078,846263,0.0024555014221347266
BT,PURE01,RC,CD20+;CD79a+,b_cell,B_CELL,False,1955,846263,0.002310156535261497
BT,PURE01,RC,CD79a+,plasma_cell,PLASMA_CELL,False,1815,846263,0.002144723330690341
BT,PURE01,TURBT,CD3+;CD8+;FoxP3+,treg_cell,CD8_FOXP3,False,1554,846263,0.0018363085707398291
BT,PURE01,RC,CD3+;FoxP3+,treg_cell,TREG,False,1183,846263,0.0013979105786262663
BT,PURE01,RC,CD20+,b_cell,B_CELL,False,486,846263,0.000574289553011298
BT,PURE01,RC,CD3+;CD8+;FoxP3+,treg_cell,CD8_FOXP3,False,76,846263,8.980659676719885e-05
BT,PURE01,RC,CD8+,cd8_t_cell,CD8,False,39,846263,4.608496413053625e-05
BT,PURE01,RC,FoxP3+,treg_cell,FOXP3,False,9,846263,1.0634991722431442e-05
