prep_root,panel,cohort,sample_type,region_class,label,label_base,excluded_from_primary,n_cells,n_units,mean_cells_per_unit
AR_checkpoint_state,AR,BLASST,RC,Epi,checkpoint_neg,checkpoint_neg,False,214669,167,1285.443113772455
AR_checkpoint_state,AR,BLASST,RC,Epi,PDL1,PDL1,False,19346,167,115.8443113772455
AR_checkpoint_state,AR,BLASST,RC,Epi,PD1,PD1,False,2185,167,13.083832335329342
AR_checkpoint_state,AR,BLASST,RC,Epi,PD1_PDL1,PD1_PDL1,False,358,167,2.143712574850299
AR_checkpoint_state,AR,BLASST,RC,Stroma,checkpoint_neg,checkpoint_neg,False,1236445,200,6182.225
AR_checkpoint_state,AR,BLASST,RC,Stroma,PDL1,PDL1,False,73478,200,367.39
AR_checkpoint_state,AR,BLASST,RC,Stroma,PD1,PD1,False,14965,200,74.825
AR_checkpoint_state,AR,BLASST,RC,Stroma,PD1_PDL1,PD1_PDL1,False,2127,200,10.635
AR_checkpoint_state,AR,BLASST,TURBT,Epi,checkpoint_neg,checkpoint_neg,False,1055805,367,2876.8528610354224
AR_checkpoint_state,AR,BLASST,TURBT,Epi,PDL1,PDL1,False,78467,367,213.80653950953678
AR_checkpoint_state,AR,BLASST,TURBT,Epi,PD1,PD1,False,5959,367,16.237057220708447
AR_checkpoint_state,AR,BLASST,TURBT,Epi,PD1_PDL1,PD1_PDL1,False,983,367,2.678474114441417
AR_checkpoint_state,AR,BLASST,TURBT,Stroma,checkpoint_neg,checkpoint_neg,False,3608861,390,9253.489743589744
AR_checkpoint_state,AR,BLASST,TURBT,Stroma,PDL1,PDL1,False,283959,390,728.1
AR_checkpoint_state,AR,BLASST,TURBT,Stroma,PD1,PD1,False,49583,390,127.13589743589743
AR_checkpoint_state,AR,BLASST,TURBT,Stroma,PD1_PDL1,PD1_PDL1,False,5370,390,13.76923076923077
AR_checkpoint_state,AR,NAC2020,RC,Epi,checkpoint_neg,checkpoint_neg,False,30877,20,1543.85
AR_checkpoint_state,AR,NAC2020,RC,Epi,PDL1,PDL1,False,8263,20,413.15
AR_checkpoint_state,AR,NAC2020,RC,Epi,PD1_PDL1,PD1_PDL1,False,121,20,6.05
AR_checkpoint_state,AR,NAC2020,RC,Epi,PD1,PD1,False,103,20,5.15
AR_checkpoint_state,AR,NAC2020,RC,Stroma,checkpoint_neg,checkpoint_neg,False,45283,20,2264.15
AR_checkpoint_state,AR,NAC2020,RC,Stroma,PDL1,PDL1,False,20408,20,1020.4
AR_checkpoint_state,AR,NAC2020,RC,Stroma,PD1,PD1,False,2582,20,129.1
AR_checkpoint_state,AR,NAC2020,RC,Stroma,PD1_PDL1,PD1_PDL1,False,1790,20,89.5
AR_checkpoint_state,AR,NAC2020,TURBT,Epi,checkpoint_neg,checkpoint_neg,False,244570,108,2264.537037037037
AR_checkpoint_state,AR,NAC2020,TURBT,Epi,PDL1,PDL1,False,74003,108,685.2129629629629
AR_checkpoint_state,AR,NAC2020,TURBT,Epi,PD1_PDL1,PD1_PDL1,False,2501,108,23.15740740740741
AR_checkpoint_state,AR,NAC2020,TURBT,Epi,PD1,PD1,False,2217,108,20.52777777777778
AR_checkpoint_state,AR,NAC2020,TURBT,Stroma,checkpoint_neg,checkpoint_neg,False,291870,109,2677.706422018349
AR_checkpoint_state,AR,NAC2020,TURBT,Stroma,PDL1,PDL1,False,95815,109,879.0366972477065
AR_checkpoint_state,AR,NAC2020,TURBT,Stroma,PD1,PD1,False,18270,109,167.61467889908258
AR_checkpoint_state,AR,NAC2020,TURBT,Stroma,PD1_PDL1,PD1_PDL1,False,10562,109,96.89908256880734
AR_checkpoint_state,AR,No-NAC,RC,Epi,checkpoint_neg,checkpoint_neg,False,111724,64,1745.6875
AR_checkpoint_state,AR,No-NAC,RC,Epi,PDL1,PDL1,False,31788,64,496.6875
AR_checkpoint_state,AR,No-NAC,RC,Epi,PD1,PD1,False,2865,64,44.765625
AR_checkpoint_state,AR,No-NAC,RC,Epi,PD1_PDL1,PD1_PDL1,False,2429,64,37.953125
AR_checkpoint_state,AR,No-NAC,RC,Stroma,checkpoint_neg,checkpoint_neg,False,162036,64,2531.8125
AR_checkpoint_state,AR,No-NAC,RC,Stroma,PD1,PD1,False,19649,64,307.015625
AR_checkpoint_state,AR,No-NAC,RC,Stroma,PDL1,PDL1,False,19221,64,300.328125
AR_checkpoint_state,AR,No-NAC,RC,Stroma,PD1_PDL1,PD1_PDL1,False,4680,64,73.125
AR_checkpoint_state,AR,No-NAC,TURBT,Epi,checkpoint_neg,checkpoint_neg,False,380434,150,2536.2266666666665
AR_checkpoint_state,AR,No-NAC,TURBT,Epi,PDL1,PDL1,False,105606,150,704.04
AR_checkpoint_state,AR,No-NAC,TURBT,Epi,PD1,PD1,False,5640,150,37.6
AR_checkpoint_state,AR,No-NAC,TURBT,Epi,PD1_PDL1,PD1_PDL1,False,3127,150,20.846666666666668
AR_checkpoint_state,AR,No-NAC,TURBT,Stroma,checkpoint_neg,checkpoint_neg,False,335821,150,2238.806666666667
AR_checkpoint_state,AR,No-NAC,TURBT,Stroma,PDL1,PDL1,False,59769,150,398.46
AR_checkpoint_state,AR,No-NAC,TURBT,Stroma,PD1,PD1,False,11364,150,75.76
AR_checkpoint_state,AR,No-NAC,TURBT,Stroma,PD1_PDL1,PD1_PDL1,False,4378,150,29.186666666666667
AR_checkpoint_state,AR,PURE01,RC,Epi,checkpoint_neg,checkpoint_neg,False,7754,13,596.4615384615385
AR_checkpoint_state,AR,PURE01,RC,Epi,PDL1,PDL1,False,190,13,14.615384615384615
AR_checkpoint_state,AR,PURE01,RC,Epi,PD1,PD1,False,13,13,1.0
AR_checkpoint_state,AR,PURE01,RC,Epi,PD1_PDL1,PD1_PDL1,False,1,13,0.07692307692307693
AR_checkpoint_state,AR,PURE01,RC,Stroma,checkpoint_neg,checkpoint_neg,False,50269,14,3590.6428571428573
AR_checkpoint_state,AR,PURE01,RC,Stroma,PDL1,PDL1,False,2723,14,194.5
AR_checkpoint_state,AR,PURE01,RC,Stroma,PD1,PD1,False,955,14,68.21428571428571
AR_checkpoint_state,AR,PURE01,RC,Stroma,PD1_PDL1,PD1_PDL1,False,76,14,5.428571428571429
AR_checkpoint_state,AR,PURE01,TURBT,Epi,checkpoint_neg,checkpoint_neg,False,274702,124,2215.3387096774195
AR_checkpoint_state,AR,PURE01,TURBT,Epi,PDL1,PDL1,False,70640,124,569.6774193548387
AR_checkpoint_state,AR,PURE01,TURBT,Epi,PD1,PD1,False,7867,124,63.443548387096776
AR_checkpoint_state,AR,PURE01,TURBT,Epi,PD1_PDL1,PD1_PDL1,False,2604,124,21.0
AR_checkpoint_state,AR,PURE01,TURBT,Stroma,checkpoint_neg,checkpoint_neg,False,306867,124,2474.733870967742
AR_checkpoint_state,AR,PURE01,TURBT,Stroma,PDL1,PDL1,False,50912,124,410.5806451612903
AR_checkpoint_state,AR,PURE01,TURBT,Stroma,PD1,PD1,False,36866,124,297.30645161290323
AR_checkpoint_state,AR,PURE01,TURBT,Stroma,PD1_PDL1,PD1_PDL1,False,6639,124,53.54032258064516
AR_state,AR,BLASST,RC,Epi,stroma__checkpoint_neg,stroma,False,152491,167,913.1197604790419
AR_state,AR,BLASST,RC,Epi,tumor__checkpoint_neg,tumor,False,46708,167,279.688622754491
AR_state,AR,BLASST,RC,Epi,stroma__PDL1,stroma,False,13968,167,83.64071856287426
AR_state,AR,BLASST,RC,Epi,macrophage__checkpoint_neg,macrophage,False,12795,167,76.61676646706587
AR_state,AR,BLASST,RC,Epi,macrophage__PDL1,macrophage,False,3010,167,18.023952095808383
AR_state,AR,BLASST,RC,Epi,t_cell__checkpoint_neg,t_cell,False,2675,167,16.017964071856287
AR_state,AR,BLASST,RC,Epi,stroma__PD1,stroma,False,2002,167,11.988023952095809
AR_state,AR,BLASST,RC,Epi,tumor__PDL1,tumor,False,1818,167,10.886227544910179
AR_state,AR,BLASST,RC,Epi,t_cell__PDL1,t_cell,False,464,167,2.7784431137724552
AR_state,AR,BLASST,RC,Epi,stroma__PD1_PDL1,stroma,False,202,167,1.2095808383233533
AR_state,AR,BLASST,RC,Epi,macrophage__PD1_PDL1,macrophage,False,123,167,0.7365269461077845
AR_state,AR,BLASST,RC,Epi,macrophage__PD1,macrophage,False,121,167,0.7245508982035929
AR_state,AR,BLASST,RC,Epi,cd8_t_cell__PDL1,cd8_t_cell,False,86,167,0.5149700598802395
AR_state,AR,BLASST,RC,Epi,t_cell__PD1,t_cell,False,61,167,0.3652694610778443
AR_state,AR,BLASST,RC,Epi,t_cell__PD1_PDL1,t_cell,False,31,167,0.18562874251497005
AR_state,AR,BLASST,RC,Epi,cd8_t_cell__PD1_PDL1,cd8_t_cell,False,2,167,0.011976047904191617
AR_state,AR,BLASST,RC,Epi,cd8_t_cell__PD1,cd8_t_cell,False,1,167,0.005988023952095809
AR_state,AR,BLASST,RC,Stroma,stroma__checkpoint_neg,stroma,False,952592,200,4762.96
AR_state,AR,BLASST,RC,Stroma,tumor__checkpoint_neg,tumor,False,104732,200,523.66
AR_state,AR,BLASST,RC,Stroma,t_cell__checkpoint_neg,t_cell,False,97332,200,486.66
AR_state,AR,BLASST,RC,Stroma,macrophage__checkpoint_neg,macrophage,False,81739,200,408.695
AR_state,AR,BLASST,RC,Stroma,stroma__PDL1,stroma,False,51518,200,257.59
AR_state,AR,BLASST,RC,Stroma,stroma__PD1,stroma,False,11726,200,58.63
AR_state,AR,BLASST,RC,Stroma,t_cell__PDL1,t_cell,False,10445,200,52.225
AR_state,AR,BLASST,RC,Stroma,macrophage__PDL1,macrophage,False,7994,200,39.97
AR_state,AR,BLASST,RC,Stroma,tumor__PDL1,tumor,False,2506,200,12.53
AR_state,AR,BLASST,RC,Stroma,t_cell__PD1,t_cell,False,2481,200,12.405
AR_state,AR,BLASST,RC,Stroma,cd8_t_cell__PDL1,cd8_t_cell,False,1015,200,5.075
AR_state,AR,BLASST,RC,Stroma,stroma__PD1_PDL1,stroma,False,928,200,4.64
AR_state,AR,BLASST,RC,Stroma,macrophage__PD1,macrophage,False,741,200,3.705
AR_state,AR,BLASST,RC,Stroma,t_cell__PD1_PDL1,t_cell,False,628,200,3.14
AR_state,AR,BLASST,RC,Stroma,macrophage__PD1_PDL1,macrophage,False,526,200,2.63
AR_state,AR,BLASST,RC,Stroma,cd8_t_cell__checkpoint_neg,cd8_t_cell,False,50,200,0.25
AR_state,AR,BLASST,RC,Stroma,cd8_t_cell__PD1_PDL1,cd8_t_cell,False,45,200,0.225
AR_state,AR,BLASST,RC,Stroma,cd8_t_cell__PD1,cd8_t_cell,False,17,200,0.085
AR_state,AR,BLASST,TURBT,Epi,stroma__checkpoint_neg,stroma,False,753672,367,2053.6021798365123
AR_state,AR,BLASST,TURBT,Epi,tumor__checkpoint_neg,tumor,False,199703,367,544.149863760218
AR_state,AR,BLASST,TURBT,Epi,macrophage__checkpoint_neg,macrophage,False,72907,367,198.6566757493188
AR_state,AR,BLASST,TURBT,Epi,stroma__PDL1,stroma,False,54176,367,147.61852861035422
AR_state,AR,BLASST,TURBT,Epi,t_cell__checkpoint_neg,t_cell,False,29514,367,80.41961852861036
AR_state,AR,BLASST,TURBT,Epi,macrophage__PDL1,macrophage,False,15685,367,42.73841961852861
AR_state,AR,BLASST,TURBT,Epi,stroma__PD1,stroma,False,4634,367,12.626702997275205
AR_state,AR,BLASST,TURBT,Epi,t_cell__PDL1,t_cell,False,4422,367,12.049046321525886
AR_state,AR,BLASST,TURBT,Epi,tumor__PDL1,tumor,False,4139,367,11.277929155313352
AR_state,AR,BLASST,TURBT,Epi,t_cell__PD1,t_cell,False,984,367,2.681198910081744
AR_state,AR,BLASST,TURBT,Epi,t_cell__PD1_PDL1,t_cell,False,353,367,0.9618528610354223
AR_state,AR,BLASST,TURBT,Epi,macrophage__PD1_PDL1,macrophage,False,342,367,0.9318801089918256
AR_state,AR,BLASST,TURBT,Epi,macrophage__PD1,macrophage,False,313,367,0.8528610354223434
AR_state,AR,BLASST,TURBT,Epi,stroma__PD1_PDL1,stroma,False,236,367,0.6430517711171662
AR_state,AR,BLASST,TURBT,Epi,cd8_t_cell__PD1_PDL1,cd8_t_cell,False,52,367,0.14168937329700274
AR_state,AR,BLASST,TURBT,Epi,cd8_t_cell__PDL1,cd8_t_cell,False,45,367,0.1226158038147139
AR_state,AR,BLASST,TURBT,Epi,cd8_t_cell__PD1,cd8_t_cell,False,28,367,0.07629427792915532
AR_state,AR,BLASST,TURBT,Epi,cd8_t_cell__checkpoint_neg,cd8_t_cell,False,9,367,0.02452316076294278
AR_state,AR,BLASST,TURBT,Stroma,stroma__checkpoint_neg,stroma,False,2712995,390,6956.397435897436
AR_state,AR,BLASST,TURBT,Stroma,t_cell__checkpoint_neg,t_cell,False,488314,390,1252.0871794871796
AR_state,AR,BLASST,TURBT,Stroma,macrophage__checkpoint_neg,macrophage,False,270081,390,692.5153846153846
AR_state,AR,BLASST,TURBT,Stroma,stroma__PDL1,stroma,False,184764,390,473.75384615384615
AR_state,AR,BLASST,TURBT,Stroma,tumor__checkpoint_neg,tumor,False,136945,390,351.14102564102564
AR_state,AR,BLASST,TURBT,Stroma,t_cell__PDL1,t_cell,False,65249,390,167.3051282051282
AR_state,AR,BLASST,TURBT,Stroma,stroma__PD1,stroma,False,33447,390,85.76153846153846
AR_state,AR,BLASST,TURBT,Stroma,macrophage__PDL1,macrophage,False,30248,390,77.55897435897435
AR_state,AR,BLASST,TURBT,Stroma,t_cell__PD1,t_cell,False,14295,390,36.65384615384615
AR_state,AR,BLASST,TURBT,Stroma,t_cell__PD1_PDL1,t_cell,False,3461,390,8.874358974358975
AR_state,AR,BLASST,TURBT,Stroma,tumor__PDL1,tumor,False,2541,390,6.515384615384615
AR_state,AR,BLASST,TURBT,Stroma,macrophage__PD1,macrophage,False,1785,390,4.576923076923077
AR_state,AR,BLASST,TURBT,Stroma,cd8_t_cell__PDL1,cd8_t_cell,False,1157,390,2.966666666666667
AR_state,AR,BLASST,TURBT,Stroma,stroma__PD1_PDL1,stroma,False,900,390,2.3076923076923075
AR_state,AR,BLASST,TURBT,Stroma,macrophage__PD1_PDL1,macrophage,False,874,390,2.241025641025641
AR_state,AR,BLASST,TURBT,Stroma,cd8_t_cell__checkpoint_neg,cd8_t_cell,False,526,390,1.3487179487179488
AR_state,AR,BLASST,TURBT,Stroma,cd8_t_cell__PD1_PDL1,cd8_t_cell,False,135,390,0.34615384615384615
AR_state,AR,BLASST,TURBT,Stroma,cd8_t_cell__PD1,cd8_t_cell,False,56,390,0.14358974358974358
AR_state,AR,NAC2020,RC,Epi,tumor__checkpoint_neg,tumor,False,21012,20,1050.6
AR_state,AR,NAC2020,RC,Epi,stroma__checkpoint_neg,stroma,False,7935,20,396.75
AR_state,AR,NAC2020,RC,Epi,stroma__PDL1,stroma,False,3571,20,178.55
AR_state,AR,NAC2020,RC,Epi,macrophage__PDL1,macrophage,False,2486,20,124.3
AR_state,AR,NAC2020,RC,Epi,tumor__PDL1,tumor,False,1860,20,93.0
AR_state,AR,NAC2020,RC,Epi,macrophage__checkpoint_neg,macrophage,False,1624,20,81.2
AR_state,AR,NAC2020,RC,Epi,t_cell__checkpoint_neg,t_cell,False,302,20,15.1
AR_state,AR,NAC2020,RC,Epi,t_cell__PDL1,t_cell,False,277,20,13.85
AR_state,AR,NAC2020,RC,Epi,t_cell__PD1,t_cell,False,70,20,3.5
AR_state,AR,NAC2020,RC,Epi,cd8_t_cell__PDL1,cd8_t_cell,False,69,20,3.45
AR_state,AR,NAC2020,RC,Epi,cd8_t_cell__PD1_PDL1,cd8_t_cell,False,63,20,3.15
AR_state,AR,NAC2020,RC,Epi,t_cell__PD1_PDL1,t_cell,False,36,20,1.8
AR_state,AR,NAC2020,RC,Epi,cd8_t_cell__PD1,cd8_t_cell,False,16,20,0.8
AR_state,AR,NAC2020,RC,Epi,stroma__PD1,stroma,False,12,20,0.6
AR_state,AR,NAC2020,RC,Epi,stroma__PD1_PDL1,stroma,False,12,20,0.6
AR_state,AR,NAC2020,RC,Epi,macrophage__PD1_PDL1,macrophage,False,10,20,0.5
AR_state,AR,NAC2020,RC,Epi,macrophage__PD1,macrophage,False,5,20,0.25
AR_state,AR,NAC2020,RC,Epi,cd8_t_cell__checkpoint_neg,cd8_t_cell,False,4,20,0.2
AR_state,AR,NAC2020,RC,Stroma,stroma__checkpoint_neg,stroma,False,24970,20,1248.5
AR_state,AR,NAC2020,RC,Stroma,macrophage__checkpoint_neg,macrophage,False,8641,20,432.05
AR_state,AR,NAC2020,RC,Stroma,stroma__PDL1,stroma,False,8018,20,400.9
AR_state,AR,NAC2020,RC,Stroma,macrophage__PDL1,macrophage,False,6957,20,347.85
AR_state,AR,NAC2020,RC,Stroma,tumor__checkpoint_neg,tumor,False,6090,20,304.5
AR_state,AR,NAC2020,RC,Stroma,t_cell__checkpoint_neg,t_cell,False,5545,20,277.25
AR_state,AR,NAC2020,RC,Stroma,t_cell__PDL1,t_cell,False,4201,20,210.05
AR_state,AR,NAC2020,RC,Stroma,t_cell__PD1,t_cell,False,1858,20,92.9
AR_state,AR,NAC2020,RC,Stroma,t_cell__PD1_PDL1,t_cell,False,914,20,45.7
AR_state,AR,NAC2020,RC,Stroma,cd8_t_cell__PDL1,cd8_t_cell,False,798,20,39.9
AR_state,AR,NAC2020,RC,Stroma,cd8_t_cell__PD1_PDL1,cd8_t_cell,False,635,20,31.75
AR_state,AR,NAC2020,RC,Stroma,tumor__PDL1,tumor,False,434,20,21.7
AR_state,AR,NAC2020,RC,Stroma,stroma__PD1,stroma,False,410,20,20.5
AR_state,AR,NAC2020,RC,Stroma,macrophage__PD1,macrophage,False,189,20,9.45
AR_state,AR,NAC2020,RC,Stroma,cd8_t_cell__PD1,cd8_t_cell,False,125,20,6.25
AR_state,AR,NAC2020,RC,Stroma,macrophage__PD1_PDL1,macrophage,False,124,20,6.2
AR_state,AR,NAC2020,RC,Stroma,stroma__PD1_PDL1,stroma,False,117,20,5.85
AR_state,AR,NAC2020,RC,Stroma,cd8_t_cell__checkpoint_neg,cd8_t_cell,False,37,20,1.85
AR_state,AR,NAC2020,TURBT,Epi,tumor__checkpoint_neg,tumor,False,133326,108,1234.5
AR_state,AR,NAC2020,TURBT,Epi,stroma__checkpoint_neg,stroma,False,90178,108,834.9814814814815
AR_state,AR,NAC2020,TURBT,Epi,stroma__PDL1,stroma,False,39406,108,364.8703703703704
AR_state,AR,NAC2020,TURBT,Epi,macrophage__checkpoint_neg,macrophage,False,17044,108,157.8148148148148
AR_state,AR,NAC2020,TURBT,Epi,tumor__PDL1,tumor,False,16291,108,150.84259259259258
AR_state,AR,NAC2020,TURBT,Epi,macrophage__PDL1,macrophage,False,12887,108,119.32407407407408
AR_state,AR,NAC2020,TURBT,Epi,t_cell__PDL1,t_cell,False,4247,108,39.324074074074076
AR_state,AR,NAC2020,TURBT,Epi,t_cell__checkpoint_neg,t_cell,False,3805,108,35.23148148148148
AR_state,AR,NAC2020,TURBT,Epi,cd8_t_cell__PDL1,cd8_t_cell,False,1172,108,10.851851851851851
AR_state,AR,NAC2020,TURBT,Epi,cd8_t_cell__PD1_PDL1,cd8_t_cell,False,1105,108,10.231481481481481
AR_state,AR,NAC2020,TURBT,Epi,t_cell__PD1,t_cell,False,1104,108,10.222222222222221
AR_state,AR,NAC2020,TURBT,Epi,t_cell__PD1_PDL1,t_cell,False,829,108,7.675925925925926
AR_state,AR,NAC2020,TURBT,Epi,cd8_t_cell__PD1,cd8_t_cell,False,590,108,5.462962962962963
AR_state,AR,NAC2020,TURBT,Epi,stroma__PD1,stroma,False,394,108,3.6481481481481484
AR_state,AR,NAC2020,TURBT,Epi,stroma__PD1_PDL1,stroma,False,367,108,3.3981481481481484
AR_state,AR,NAC2020,TURBT,Epi,cd8_t_cell__checkpoint_neg,cd8_t_cell,False,217,108,2.009259259259259
AR_state,AR,NAC2020,TURBT,Epi,macrophage__PD1_PDL1,macrophage,False,200,108,1.8518518518518519
AR_state,AR,NAC2020,TURBT,Epi,macrophage__PD1,macrophage,False,129,108,1.1944444444444444
AR_state,AR,NAC2020,TURBT,Stroma,stroma__checkpoint_neg,stroma,False,171661,109,1574.8715596330276
AR_state,AR,NAC2020,TURBT,Stroma,stroma__PDL1,stroma,False,46978,109,430.9908256880734
AR_state,AR,NAC2020,TURBT,Stroma,tumor__checkpoint_neg,tumor,False,44063,109,404.2477064220183
AR_state,AR,NAC2020,TURBT,Stroma,macrophage__checkpoint_neg,macrophage,False,42278,109,387.8715596330275
AR_state,AR,NAC2020,TURBT,Stroma,t_cell__checkpoint_neg,t_cell,False,32702,109,300.0183486238532
AR_state,AR,NAC2020,TURBT,Stroma,macrophage__PDL1,macrophage,False,25639,109,235.22018348623854
AR_state,AR,NAC2020,TURBT,Stroma,t_cell__PDL1,t_cell,False,14248,109,130.71559633027522
AR_state,AR,NAC2020,TURBT,Stroma,t_cell__PD1,t_cell,False,11212,109,102.86238532110092
AR_state,AR,NAC2020,TURBT,Stroma,cd8_t_cell__PDL1,cd8_t_cell,False,5200,109,47.706422018348626
AR_state,AR,NAC2020,TURBT,Stroma,cd8_t_cell__PD1_PDL1,cd8_t_cell,False,4138,109,37.96330275229358
AR_state,AR,NAC2020,TURBT,Stroma,tumor__PDL1,tumor,False,3750,109,34.403669724770644
AR_state,AR,NAC2020,TURBT,Stroma,t_cell__PD1_PDL1,t_cell,False,3676,109,33.72477064220183
AR_state,AR,NAC2020,TURBT,Stroma,stroma__PD1,stroma,False,3628,109,33.28440366972477
AR_state,AR,NAC2020,TURBT,Stroma,cd8_t_cell__PD1,cd8_t_cell,False,2183,109,20.027522935779817
AR_state,AR,NAC2020,TURBT,Stroma,stroma__PD1_PDL1,stroma,False,1636,109,15.009174311926605
AR_state,AR,NAC2020,TURBT,Stroma,macrophage__PD1,macrophage,False,1247,109,11.440366972477063
AR_state,AR,NAC2020,TURBT,Stroma,cd8_t_cell__checkpoint_neg,cd8_t_cell,False,1166,109,10.697247706422019
AR_state,AR,NAC2020,TURBT,Stroma,macrophage__PD1_PDL1,macrophage,False,1112,109,10.20183486238532
AR_state,AR,No-NAC,RC,Epi,tumor__checkpoint_neg,tumor,False,55552,64,868.0
AR_state,AR,No-NAC,RC,Epi,stroma__checkpoint_neg,stroma,False,44826,64,700.40625
AR_state,AR,No-NAC,RC,Epi,stroma__PDL1,stroma,False,19243,64,300.671875
AR_state,AR,No-NAC,RC,Epi,macrophage__checkpoint_neg,macrophage,False,10178,64,159.03125
AR_state,AR,No-NAC,RC,Epi,tumor__PDL1,tumor,False,5707,64,89.171875
AR_state,AR,No-NAC,RC,Epi,macrophage__PDL1,macrophage,False,5075,64,79.296875
AR_state,AR,No-NAC,RC,Epi,stroma__PD1,stroma,False,1332,64,20.8125
AR_state,AR,No-NAC,RC,Epi,t_cell__PDL1,t_cell,False,1309,64,20.453125
AR_state,AR,No-NAC,RC,Epi,t_cell__checkpoint_neg,t_cell,False,1099,64,17.171875
AR_state,AR,No-NAC,RC,Epi,t_cell__PD1,t_cell,False,1028,64,16.0625
AR_state,AR,No-NAC,RC,Epi,t_cell__PD1_PDL1,t_cell,False,811,64,12.671875
AR_state,AR,No-NAC,RC,Epi,stroma__PD1_PDL1,stroma,False,792,64,12.375
AR_state,AR,No-NAC,RC,Epi,cd8_t_cell__PD1_PDL1,cd8_t_cell,False,521,64,8.140625
AR_state,AR,No-NAC,RC,Epi,cd8_t_cell__PDL1,cd8_t_cell,False,454,64,7.09375
AR_state,AR,No-NAC,RC,Epi,macrophage__PD1,macrophage,False,318,64,4.96875
AR_state,AR,No-NAC,RC,Epi,macrophage__PD1_PDL1,macrophage,False,305,64,4.765625
AR_state,AR,No-NAC,RC,Epi,cd8_t_cell__PD1,cd8_t_cell,False,187,64,2.921875
AR_state,AR,No-NAC,RC,Epi,cd8_t_cell__checkpoint_neg,cd8_t_cell,False,69,64,1.078125
AR_state,AR,No-NAC,RC,Stroma,stroma__checkpoint_neg,stroma,False,105030,64,1641.09375
AR_state,AR,No-NAC,RC,Stroma,tumor__checkpoint_neg,tumor,False,33285,64,520.078125
AR_state,AR,No-NAC,RC,Stroma,macrophage__checkpoint_neg,macrophage,False,13438,64,209.96875
AR_state,AR,No-NAC,RC,Stroma,stroma__PDL1,stroma,False,10333,64,161.453125
AR_state,AR,No-NAC,RC,Stroma,t_cell__checkpoint_neg,t_cell,False,9930,64,155.15625
AR_state,AR,No-NAC,RC,Stroma,stroma__PD1,stroma,False,9067,64,141.671875
AR_state,AR,No-NAC,RC,Stroma,t_cell__PD1,t_cell,False,8419,64,131.546875
AR_state,AR,No-NAC,RC,Stroma,t_cell__PDL1,t_cell,False,3249,64,50.765625
AR_state,AR,No-NAC,RC,Stroma,macrophage__PDL1,macrophage,False,2894,64,45.21875
AR_state,AR,No-NAC,RC,Stroma,cd8_t_cell__PDL1,cd8_t_cell,False,1799,64,28.109375
AR_state,AR,No-NAC,RC,Stroma,t_cell__PD1_PDL1,t_cell,False,1778,64,27.78125
AR_state,AR,No-NAC,RC,Stroma,macrophage__PD1,macrophage,False,1638,64,25.59375
AR_state,AR,No-NAC,RC,Stroma,cd8_t_cell__PD1_PDL1,cd8_t_cell,False,1260,64,19.6875
AR_state,AR,No-NAC,RC,Stroma,stroma__PD1_PDL1,stroma,False,1194,64,18.65625
AR_state,AR,No-NAC,RC,Stroma,tumor__PDL1,tumor,False,946,64,14.78125
AR_state,AR,No-NAC,RC,Stroma,cd8_t_cell__PD1,cd8_t_cell,False,525,64,8.203125
AR_state,AR,No-NAC,RC,Stroma,macrophage__PD1_PDL1,macrophage,False,448,64,7.0
AR_state,AR,No-NAC,RC,Stroma,cd8_t_cell__checkpoint_neg,cd8_t_cell,False,353,64,5.515625
AR_state,AR,No-NAC,TURBT,Epi,tumor__checkpoint_neg,tumor,False,198409,150,1322.7266666666667
AR_state,AR,No-NAC,TURBT,Epi,stroma__checkpoint_neg,stroma,False,141286,150,941.9066666666666
AR_state,AR,No-NAC,TURBT,Epi,stroma__PDL1,stroma,False,56513,150,376.75333333333333
AR_state,AR,No-NAC,TURBT,Epi,macrophage__checkpoint_neg,macrophage,False,30045,150,200.3
AR_state,AR,No-NAC,TURBT,Epi,tumor__PDL1,tumor,False,18967,150,126.44666666666667
AR_state,AR,No-NAC,TURBT,Epi,macrophage__PDL1,macrophage,False,16879,150,112.52666666666667
AR_state,AR,No-NAC,TURBT,Epi,t_cell__PDL1,t_cell,False,11336,150,75.57333333333334
AR_state,AR,No-NAC,TURBT,Epi,t_cell__checkpoint_neg,t_cell,False,10425,150,69.5
AR_state,AR,No-NAC,TURBT,Epi,stroma__PD1,stroma,False,3057,150,20.38
AR_state,AR,No-NAC,TURBT,Epi,cd8_t_cell__PDL1,cd8_t_cell,False,1911,150,12.74
AR_state,AR,No-NAC,TURBT,Epi,t_cell__PD1,t_cell,False,1644,150,10.96
AR_state,AR,No-NAC,TURBT,Epi,cd8_t_cell__PD1_PDL1,cd8_t_cell,False,1052,150,7.013333333333334
AR_state,AR,No-NAC,TURBT,Epi,t_cell__PD1_PDL1,t_cell,False,1007,150,6.713333333333333
AR_state,AR,No-NAC,TURBT,Epi,stroma__PD1_PDL1,stroma,False,741,150,4.94
AR_state,AR,No-NAC,TURBT,Epi,cd8_t_cell__PD1,cd8_t_cell,False,498,150,3.32
AR_state,AR,No-NAC,TURBT,Epi,macrophage__PD1,macrophage,False,441,150,2.94
AR_state,AR,No-NAC,TURBT,Epi,macrophage__PD1_PDL1,macrophage,False,327,150,2.18
AR_state,AR,No-NAC,TURBT,Epi,cd8_t_cell__checkpoint_neg,cd8_t_cell,False,269,150,1.7933333333333332
AR_state,AR,No-NAC,TURBT,Stroma,stroma__checkpoint_neg,stroma,False,182201,150,1214.6733333333334
AR_state,AR,No-NAC,TURBT,Stroma,tumor__checkpoint_neg,tumor,False,75631,150,504.20666666666665
AR_state,AR,No-NAC,TURBT,Stroma,t_cell__checkpoint_neg,t_cell,False,46864,150,312.4266666666667
AR_state,AR,No-NAC,TURBT,Stroma,macrophage__checkpoint_neg,macrophage,False,30456,150,203.04
AR_state,AR,No-NAC,TURBT,Stroma,stroma__PDL1,stroma,False,27379,150,182.52666666666667
AR_state,AR,No-NAC,TURBT,Stroma,t_cell__PDL1,t_cell,False,15812,150,105.41333333333333
AR_state,AR,No-NAC,TURBT,Stroma,macrophage__PDL1,macrophage,False,9244,150,61.626666666666665
AR_state,AR,No-NAC,TURBT,Stroma,t_cell__PD1,t_cell,False,7066,150,47.10666666666667
AR_state,AR,No-NAC,TURBT,Stroma,cd8_t_cell__PDL1,cd8_t_cell,False,3686,150,24.573333333333334
AR_state,AR,No-NAC,TURBT,Stroma,tumor__PDL1,tumor,False,3648,150,24.32
AR_state,AR,No-NAC,TURBT,Stroma,stroma__PD1,stroma,False,3103,150,20.686666666666667
AR_state,AR,No-NAC,TURBT,Stroma,t_cell__PD1_PDL1,t_cell,False,1730,150,11.533333333333333
AR_state,AR,No-NAC,TURBT,Stroma,cd8_t_cell__PD1_PDL1,cd8_t_cell,False,1436,150,9.573333333333334
AR_state,AR,No-NAC,TURBT,Stroma,stroma__PD1_PDL1,stroma,False,863,150,5.753333333333333
AR_state,AR,No-NAC,TURBT,Stroma,cd8_t_cell__checkpoint_neg,cd8_t_cell,False,669,150,4.46
AR_state,AR,No-NAC,TURBT,Stroma,macrophage__PD1,macrophage,False,651,150,4.34
AR_state,AR,No-NAC,TURBT,Stroma,cd8_t_cell__PD1,cd8_t_cell,False,544,150,3.6266666666666665
AR_state,AR,No-NAC,TURBT,Stroma,macrophage__PD1_PDL1,macrophage,False,349,150,2.3266666666666667
AR_state,AR,PURE01,RC,Epi,tumor__checkpoint_neg,tumor,False,4936,13,379.6923076923077
AR_state,AR,PURE01,RC,Epi,stroma__checkpoint_neg,stroma,False,2247,13,172.84615384615384
AR_state,AR,PURE01,RC,Epi,macrophage__checkpoint_neg,macrophage,False,551,13,42.38461538461539
AR_state,AR,PURE01,RC,Epi,stroma__PDL1,stroma,False,89,13,6.846153846153846
AR_state,AR,PURE01,RC,Epi,tumor__PDL1,tumor,False,67,13,5.153846153846154
AR_state,AR,PURE01,RC,Epi,macrophage__PDL1,macrophage,False,31,13,2.3846153846153846
AR_state,AR,PURE01,RC,Epi,t_cell__checkpoint_neg,t_cell,False,18,13,1.3846153846153846
AR_state,AR,PURE01,RC,Epi,t_cell__PD1,t_cell,False,8,13,0.6153846153846154
AR_state,AR,PURE01,RC,Epi,stroma__PD1,stroma,False,3,13,0.23076923076923078
AR_state,AR,PURE01,RC,Epi,cd8_t_cell__PD1,cd8_t_cell,False,2,13,0.15384615384615385
AR_state,AR,PURE01,RC,Epi,cd8_t_cell__checkpoint_neg,cd8_t_cell,False,2,13,0.15384615384615385
AR_state,AR,PURE01,RC,Epi,t_cell__PDL1,t_cell,False,2,13,0.15384615384615385
AR_state,AR,PURE01,RC,Epi,cd8_t_cell__PD1_PDL1,cd8_t_cell,False,1,13,0.07692307692307693
AR_state,AR,PURE01,RC,Epi,cd8_t_cell__PDL1,cd8_t_cell,False,1,13,0.07692307692307693
AR_state,AR,PURE01,RC,Stroma,stroma__checkpoint_neg,stroma,False,26242,14,1874.4285714285713
AR_state,AR,PURE01,RC,Stroma,tumor__checkpoint_neg,tumor,False,9528,14,680.5714285714286
AR_state,AR,PURE01,RC,Stroma,macrophage__checkpoint_neg,macrophage,False,8716,14,622.5714285714286
AR_state,AR,PURE01,RC,Stroma,t_cell__checkpoint_neg,t_cell,False,5649,14,403.5
AR_state,AR,PURE01,RC,Stroma,stroma__PDL1,stroma,False,967,14,69.07142857142857
AR_state,AR,PURE01,RC,Stroma,t_cell__PD1,t_cell,False,707,14,50.5
AR_state,AR,PURE01,RC,Stroma,macrophage__PDL1,macrophage,False,663,14,47.357142857142854
AR_state,AR,PURE01,RC,Stroma,t_cell__PDL1,t_cell,False,632,14,45.142857142857146
AR_state,AR,PURE01,RC,Stroma,cd8_t_cell__PDL1,cd8_t_cell,False,393,14,28.071428571428573
AR_state,AR,PURE01,RC,Stroma,cd8_t_cell__checkpoint_neg,cd8_t_cell,False,134,14,9.571428571428571
AR_state,AR,PURE01,RC,Stroma,stroma__PD1,stroma,False,131,14,9.357142857142858
AR_state,AR,PURE01,RC,Stroma,cd8_t_cell__PD1,cd8_t_cell,False,83,14,5.928571428571429
AR_state,AR,PURE01,RC,Stroma,tumor__PDL1,tumor,False,68,14,4.857142857142857
AR_state,AR,PURE01,RC,Stroma,cd8_t_cell__PD1_PDL1,cd8_t_cell,False,39,14,2.7857142857142856
AR_state,AR,PURE01,RC,Stroma,macrophage__PD1,macrophage,False,34,14,2.4285714285714284
AR_state,AR,PURE01,RC,Stroma,t_cell__PD1_PDL1,t_cell,False,25,14,1.7857142857142858
AR_state,AR,PURE01,RC,Stroma,stroma__PD1_PDL1,stroma,False,9,14,0.6428571428571429
AR_state,AR,PURE01,RC,Stroma,macrophage__PD1_PDL1,macrophage,False,3,14,0.21428571428571427
AR_state,AR,PURE01,TURBT,Epi,tumor__checkpoint_neg,tumor,False,150629,124,1214.75
AR_state,AR,PURE01,TURBT,Epi,stroma__checkpoint_neg,stroma,False,96126,124,775.2096774193549
AR_state,AR,PURE01,TURBT,Epi,stroma__PDL1,stroma,False,42924,124,346.16129032258067
AR_state,AR,PURE01,TURBT,Epi,macrophage__checkpoint_neg,macrophage,False,21004,124,169.38709677419354
AR_state,AR,PURE01,TURBT,Epi,macrophage__PDL1,macrophage,False,12521,124,100.9758064516129
AR_state,AR,PURE01,TURBT,Epi,tumor__PDL1,tumor,False,9730,124,78.46774193548387
AR_state,AR,PURE01,TURBT,Epi,t_cell__checkpoint_neg,t_cell,False,6854,124,55.274193548387096
AR_state,AR,PURE01,TURBT,Epi,t_cell__PDL1,t_cell,False,5052,124,40.74193548387097
AR_state,AR,PURE01,TURBT,Epi,stroma__PD1,stroma,False,4099,124,33.056451612903224
AR_state,AR,PURE01,TURBT,Epi,t_cell__PD1,t_cell,False,1852,124,14.935483870967742
AR_state,AR,PURE01,TURBT,Epi,macrophage__PD1,macrophage,False,1522,124,12.274193548387096
AR_state,AR,PURE01,TURBT,Epi,t_cell__PD1_PDL1,t_cell,False,827,124,6.669354838709677
AR_state,AR,PURE01,TURBT,Epi,macrophage__PD1_PDL1,macrophage,False,718,124,5.790322580645161
AR_state,AR,PURE01,TURBT,Epi,stroma__PD1_PDL1,stroma,False,663,124,5.346774193548387
AR_state,AR,PURE01,TURBT,Epi,cd8_t_cell__PDL1,cd8_t_cell,False,413,124,3.3306451612903225
AR_state,AR,PURE01,TURBT,Epi,cd8_t_cell__PD1_PDL1,cd8_t_cell,False,396,124,3.193548387096774
AR_state,AR,PURE01,TURBT,Epi,cd8_t_cell__PD1,cd8_t_cell,False,394,124,3.1774193548387095
AR_state,AR,PURE01,TURBT,Epi,cd8_t_cell__checkpoint_neg,cd8_t_cell,False,89,124,0.717741935483871
AR_state,AR,PURE01,TURBT,Stroma,stroma__checkpoint_neg,stroma,False,179233,124,1445.4274193548388
AR_state,AR,PURE01,TURBT,Stroma,tumor__checkpoint_neg,tumor,False,51826,124,417.9516129032258
AR_state,AR,PURE01,TURBT,Stroma,t_cell__checkpoint_neg,t_cell,False,39738,124,320.46774193548384
AR_state,AR,PURE01,TURBT,Stroma,macrophage__checkpoint_neg,macrophage,False,35438,124,285.7903225806452
AR_state,AR,PURE01,TURBT,Stroma,stroma__PDL1,stroma,False,22909,124,184.75
AR_state,AR,PURE01,TURBT,Stroma,stroma__PD1,stroma,False,15959,124,128.7016129032258
AR_state,AR,PURE01,TURBT,Stroma,t_cell__PD1,t_cell,False,13231,124,106.70161290322581
AR_state,AR,PURE01,TURBT,Stroma,macrophage__PDL1,macrophage,False,12204,124,98.41935483870968
AR_state,AR,PURE01,TURBT,Stroma,t_cell__PDL1,t_cell,False,11923,124,96.15322580645162
AR_state,AR,PURE01,TURBT,Stroma,macrophage__PD1,macrophage,False,6241,124,50.33064516129032
AR_state,AR,PURE01,TURBT,Stroma,t_cell__PD1_PDL1,t_cell,False,2073,124,16.717741935483872
AR_state,AR,PURE01,TURBT,Stroma,tumor__PDL1,tumor,False,1972,124,15.903225806451612
AR_state,AR,PURE01,TURBT,Stroma,cd8_t_cell__PDL1,cd8_t_cell,False,1904,124,15.35483870967742
AR_state,AR,PURE01,TURBT,Stroma,stroma__PD1_PDL1,stroma,False,1899,124,15.314516129032258
AR_state,AR,PURE01,TURBT,Stroma,macrophage__PD1_PDL1,macrophage,False,1597,124,12.879032258064516
AR_state,AR,PURE01,TURBT,Stroma,cd8_t_cell__PD1,cd8_t_cell,False,1435,124,11.57258064516129
AR_state,AR,PURE01,TURBT,Stroma,cd8_t_cell__PD1_PDL1,cd8_t_cell,False,1070,124,8.629032258064516
AR_state,AR,PURE01,TURBT,Stroma,cd8_t_cell__checkpoint_neg,cd8_t_cell,False,632,124,5.096774193548387
compartment,AR,BLASST,RC,Epi,stroma,stroma,False,168663,167,1009.9580838323353
compartment,AR,BLASST,RC,Epi,tumor,tumor,False,48526,167,290.5748502994012
compartment,AR,BLASST,RC,Epi,immune,immune,False,19369,167,115.98203592814372
compartment,AR,BLASST,RC,Stroma,stroma,stroma,False,1016764,200,5083.82
compartment,AR,BLASST,RC,Stroma,immune,immune,False,203013,200,1015.065
compartment,AR,BLASST,RC,Stroma,tumor,tumor,False,107238,200,536.19
compartment,AR,BLASST,TURBT,Epi,stroma,stroma,False,812718,367,2214.490463215259
compartment,AR,BLASST,TURBT,Epi,tumor,tumor,False,203842,367,555.4277929155313
compartment,AR,BLASST,TURBT,Epi,immune,immune,False,124654,367,339.6566757493188
compartment,AR,BLASST,TURBT,Stroma,stroma,stroma,False,2932106,390,7518.220512820513
compartment,AR,BLASST,TURBT,Stroma,immune,immune,False,876181,390,2246.617948717949
compartment,AR,BLASST,TURBT,Stroma,tumor,tumor,False,139486,390,357.65641025641025
compartment,AR,NAC2020,RC,Epi,tumor,tumor,False,22872,20,1143.6
compartment,AR,NAC2020,RC,Epi,stroma,stroma,False,11530,20,576.5
compartment,AR,NAC2020,RC,Epi,immune,immune,False,4962,20,248.1
compartment,AR,NAC2020,RC,Stroma,stroma,stroma,False,33515,20,1675.75
compartment,AR,NAC2020,RC,Stroma,immune,immune,False,30024,20,1501.2
compartment,AR,NAC2020,RC,Stroma,tumor,tumor,False,6524,20,326.2
compartment,AR,NAC2020,TURBT,Epi,tumor,tumor,False,149617,108,1385.3425925925926
compartment,AR,NAC2020,TURBT,Epi,stroma,stroma,False,130345,108,1206.898148148148
compartment,AR,NAC2020,TURBT,Epi,immune,immune,False,43329,108,401.19444444444446
compartment,AR,NAC2020,TURBT,Stroma,stroma,stroma,False,223903,109,2054.1559633027523
compartment,AR,NAC2020,TURBT,Stroma,immune,immune,False,144801,109,1328.4495412844037
compartment,AR,NAC2020,TURBT,Stroma,tumor,tumor,False,47813,109,438.651376146789
compartment,AR,No-NAC,RC,Epi,stroma,stroma,False,66193,64,1034.265625
compartment,AR,No-NAC,RC,Epi,tumor,tumor,False,61259,64,957.171875
compartment,AR,No-NAC,RC,Epi,immune,immune,False,21354,64,333.65625
compartment,AR,No-NAC,RC,Stroma,stroma,stroma,False,125624,64,1962.875
compartment,AR,No-NAC,RC,Stroma,immune,immune,False,45731,64,714.546875
compartment,AR,No-NAC,RC,Stroma,tumor,tumor,False,34231,64,534.859375
compartment,AR,No-NAC,TURBT,Epi,tumor,tumor,False,217376,150,1449.1733333333334
compartment,AR,No-NAC,TURBT,Epi,stroma,stroma,False,201597,150,1343.98
compartment,AR,No-NAC,TURBT,Epi,immune,immune,False,75834,150,505.56
compartment,AR,No-NAC,TURBT,Stroma,stroma,stroma,False,213546,150,1423.64
compartment,AR,No-NAC,TURBT,Stroma,immune,immune,False,118507,150,790.0466666666666
compartment,AR,No-NAC,TURBT,Stroma,tumor,tumor,False,79279,150,528.5266666666666
compartment,AR,PURE01,RC,Epi,tumor,tumor,False,5003,13,384.84615384615387
compartment,AR,PURE01,RC,Epi,stroma,stroma,False,2339,13,179.92307692307693
compartment,AR,PURE01,RC,Epi,immune,immune,False,616,13,47.38461538461539
compartment,AR,PURE01,RC,Stroma,stroma,stroma,False,27349,14,1953.5
compartment,AR,PURE01,RC,Stroma,immune,immune,False,17078,14,1219.857142857143
compartment,AR,PURE01,RC,Stroma,tumor,tumor,False,9596,14,685.4285714285714
compartment,AR,PURE01,TURBT,Epi,tumor,tumor,False,160359,124,1293.217741935484
compartment,AR,PURE01,TURBT,Epi,stroma,stroma,False,143812,124,1159.774193548387
compartment,AR,PURE01,TURBT,Epi,immune,immune,False,51642,124,416.46774193548384
compartment,AR,PURE01,TURBT,Stroma,stroma,stroma,False,220000,124,1774.1935483870968
compartment,AR,PURE01,TURBT,Stroma,immune,immune,False,127486,124,1028.1129032258063
compartment,AR,PURE01,TURBT,Stroma,tumor,tumor,False,53798,124,433.85483870967744
compartment,BT,BLASST,RC,Epi,stroma,stroma,False,73410,117,627.4358974358975
compartment,BT,BLASST,RC,Epi,tumor,tumor,False,49502,117,423.0940170940171
compartment,BT,BLASST,RC,Epi,immune,immune,False,8902,117,76.08547008547009
compartment,BT,BLASST,RC,Stroma,stroma,stroma,False,881644,210,4198.304761904762
compartment,BT,BLASST,RC,Stroma,immune,immune,False,147393,210,701.8714285714286
compartment,BT,BLASST,RC,Stroma,tumor,tumor,False,9271,210,44.147619047619045
compartment,BT,BLASST,TURBT,Epi,stroma,stroma,False,382660,349,1096.4469914040114
compartment,BT,BLASST,TURBT,Epi,tumor,tumor,False,237328,349,680.0229226361032
compartment,BT,BLASST,TURBT,Epi,immune,immune,False,40824,349,116.97421203438395
compartment,BT,BLASST,TURBT,Stroma,stroma,stroma,False,1863548,390,4778.328205128205
compartment,BT,BLASST,TURBT,Stroma,immune,immune,False,599185,390,1536.371794871795
compartment,BT,BLASST,TURBT,Stroma,tumor,tumor,False,41764,390,107.08717948717948
compartment,BT,NAC2020,RC,Epi,tumor,tumor,False,29090,22,1322.2727272727273
compartment,BT,NAC2020,RC,Epi,stroma,stroma,False,2964,22,134.72727272727272
compartment,BT,NAC2020,RC,Epi,immune,immune,False,735,22,33.40909090909091
compartment,BT,NAC2020,RC,Stroma,stroma,stroma,False,67964,22,3089.2727272727275
compartment,BT,NAC2020,RC,Stroma,immune,immune,False,20011,22,909.5909090909091
compartment,BT,NAC2020,RC,Stroma,tumor,tumor,False,6452,22,293.27272727272725
compartment,BT,NAC2020,TURBT,Epi,tumor,tumor,False,245149,119,2060.075630252101
compartment,BT,NAC2020,TURBT,Epi,stroma,stroma,False,33465,119,281.218487394958
compartment,BT,NAC2020,TURBT,Epi,immune,immune,False,11218,119,94.26890756302521
compartment,BT,NAC2020,TURBT,Stroma,stroma,stroma,False,302339,121,2498.6694214876034
compartment,BT,NAC2020,TURBT,Stroma,immune,immune,False,125085,121,1033.7603305785124
compartment,BT,NAC2020,TURBT,Stroma,tumor,tumor,False,48834,121,403.58677685950414
compartment,BT,No-NAC,RC,Epi,tumor,tumor,False,118040,62,1903.8709677419354
compartment,BT,No-NAC,RC,Epi,stroma,stroma,False,15143,62,244.24193548387098
compartment,BT,No-NAC,RC,Epi,immune,immune,False,6155,62,99.2741935483871
compartment,BT,No-NAC,RC,Stroma,stroma,stroma,False,131693,62,2124.0806451612902
compartment,BT,No-NAC,RC,Stroma,immune,immune,False,50010,62,806.6129032258065
compartment,BT,No-NAC,RC,Stroma,tumor,tumor,False,6524,62,105.2258064516129
compartment,BT,No-NAC,TURBT,Epi,tumor,tumor,False,352306,152,2317.8026315789475
compartment,BT,No-NAC,TURBT,Epi,stroma,stroma,False,62380,152,410.39473684210526
compartment,BT,No-NAC,TURBT,Epi,immune,immune,False,20814,152,136.93421052631578
compartment,BT,No-NAC,TURBT,Stroma,stroma,stroma,False,257041,152,1691.0592105263158
compartment,BT,No-NAC,TURBT,Stroma,immune,immune,False,122448,152,805.578947368421
compartment,BT,No-NAC,TURBT,Stroma,tumor,tumor,False,37051,152,243.7565789473684
compartment,BT,PURE01,RC,Epi,tumor,tumor,False,6678,10,667.8
compartment,BT,PURE01,RC,Epi,stroma,stroma,False,175,10,17.5
compartment,BT,PURE01,RC,Epi,immune,immune,False,45,10,4.5
compartment,BT,PURE01,RC,Stroma,stroma,stroma,False,36687,14,2620.5
compartment,BT,PURE01,RC,Stroma,immune,immune,False,13121,14,937.2142857142857
compartment,BT,PURE01,RC,Stroma,tumor,tumor,False,2608,14,186.28571428571428
compartment,BT,PURE01,TURBT,Epi,tumor,tumor,False,269642,123,2192.211382113821
compartment,BT,PURE01,TURBT,Epi,stroma,stroma,False,36054,123,293.1219512195122
compartment,BT,PURE01,TURBT,Epi,immune,immune,False,12209,123,99.26016260162602
compartment,BT,PURE01,TURBT,Stroma,stroma,stroma,False,275693,127,2170.8110236220473
compartment,BT,PURE01,TURBT,Stroma,immune,immune,False,123850,127,975.1968503937007
compartment,BT,PURE01,TURBT,Stroma,tumor,tumor,False,40371,127,317.88188976377955
compartment_state,AR,BLASST,RC,Epi,stroma__checkpoint_neg,stroma,False,152491,167,913.1197604790419
compartment_state,AR,BLASST,RC,Epi,tumor__checkpoint_neg,tumor,False,46708,167,279.688622754491
compartment_state,AR,BLASST,RC,Epi,immune__checkpoint_neg,immune,False,15470,167,92.63473053892216
compartment_state,AR,BLASST,RC,Epi,stroma__PDL1,stroma,False,13968,167,83.64071856287426
compartment_state,AR,BLASST,RC,Epi,immune__PDL1,immune,False,3560,167,21.317365269461078
compartment_state,AR,BLASST,RC,Epi,stroma__PD1,stroma,False,2002,167,11.988023952095809
compartment_state,AR,BLASST,RC,Epi,tumor__PDL1,tumor,False,1818,167,10.886227544910179
compartment_state,AR,BLASST,RC,Epi,stroma__PD1_PDL1,stroma,False,202,167,1.2095808383233533
compartment_state,AR,BLASST,RC,Epi,immune__PD1,immune,False,183,167,1.095808383233533
compartment_state,AR,BLASST,RC,Epi,immune__PD1_PDL1,immune,False,156,167,0.9341317365269461
compartment_state,AR,BLASST,RC,Stroma,stroma__checkpoint_neg,stroma,False,952592,200,4762.96
compartment_state,AR,BLASST,RC,Stroma,immune__checkpoint_neg,immune,False,179121,200,895.605
compartment_state,AR,BLASST,RC,Stroma,tumor__checkpoint_neg,tumor,False,104732,200,523.66
compartment_state,AR,BLASST,RC,Stroma,stroma__PDL1,stroma,False,51518,200,257.59
compartment_state,AR,BLASST,RC,Stroma,immune__PDL1,immune,False,19454,200,97.27
compartment_state,AR,BLASST,RC,Stroma,stroma__PD1,stroma,False,11726,200,58.63
compartment_state,AR,BLASST,RC,Stroma,immune__PD1,immune,False,3239,200,16.195
compartment_state,AR,BLASST,RC,Stroma,tumor__PDL1,tumor,False,2506,200,12.53
compartment_state,AR,BLASST,RC,Stroma,immune__PD1_PDL1,immune,False,1199,200,5.995
compartment_state,AR,BLASST,RC,Stroma,stroma__PD1_PDL1,stroma,False,928,200,4.64
compartment_state,AR,BLASST,TURBT,Epi,stroma__checkpoint_neg,stroma,False,753672,367,2053.6021798365123
compartment_state,AR,BLASST,TURBT,Epi,tumor__checkpoint_neg,tumor,False,199703,367,544.149863760218
compartment_state,AR,BLASST,TURBT,Epi,immune__checkpoint_neg,immune,False,102430,367,279.1008174386921
compartment_state,AR,BLASST,TURBT,Epi,stroma__PDL1,stroma,False,54176,367,147.61852861035422
compartment_state,AR,BLASST,TURBT,Epi,immune__PDL1,immune,False,20152,367,54.91008174386921
compartment_state,AR,BLASST,TURBT,Epi,stroma__PD1,stroma,False,4634,367,12.626702997275205
compartment_state,AR,BLASST,TURBT,Epi,tumor__PDL1,tumor,False,4139,367,11.277929155313352
compartment_state,AR,BLASST,TURBT,Epi,immune__PD1,immune,False,1325,367,3.6103542234332426
compartment_state,AR,BLASST,TURBT,Epi,immune__PD1_PDL1,immune,False,747,367,2.035422343324251
compartment_state,AR,BLASST,TURBT,Epi,stroma__PD1_PDL1,stroma,False,236,367,0.6430517711171662
compartment_state,AR,BLASST,TURBT,Stroma,stroma__checkpoint_neg,stroma,False,2712995,390,6956.397435897436
compartment_state,AR,BLASST,TURBT,Stroma,immune__checkpoint_neg,immune,False,758921,390,1945.951282051282
compartment_state,AR,BLASST,TURBT,Stroma,stroma__PDL1,stroma,False,184764,390,473.75384615384615
compartment_state,AR,BLASST,TURBT,Stroma,tumor__checkpoint_neg,tumor,False,136945,390,351.14102564102564
compartment_state,AR,BLASST,TURBT,Stroma,immune__PDL1,immune,False,96654,390,247.83076923076922
compartment_state,AR,BLASST,TURBT,Stroma,stroma__PD1,stroma,False,33447,390,85.76153846153846
compartment_state,AR,BLASST,TURBT,Stroma,immune__PD1,immune,False,16136,390,41.37435897435898
compartment_state,AR,BLASST,TURBT,Stroma,immune__PD1_PDL1,immune,False,4470,390,11.461538461538462
compartment_state,AR,BLASST,TURBT,Stroma,tumor__PDL1,tumor,False,2541,390,6.515384615384615
compartment_state,AR,BLASST,TURBT,Stroma,stroma__PD1_PDL1,stroma,False,900,390,2.3076923076923075
compartment_state,AR,NAC2020,RC,Epi,tumor__checkpoint_neg,tumor,False,21012,20,1050.6
compartment_state,AR,NAC2020,RC,Epi,stroma__checkpoint_neg,stroma,False,7935,20,396.75
compartment_state,AR,NAC2020,RC,Epi,stroma__PDL1,stroma,False,3571,20,178.55
compartment_state,AR,NAC2020,RC,Epi,immune__PDL1,immune,False,2832,20,141.6
compartment_state,AR,NAC2020,RC,Epi,immune__checkpoint_neg,immune,False,1930,20,96.5
compartment_state,AR,NAC2020,RC,Epi,tumor__PDL1,tumor,False,1860,20,93.0
compartment_state,AR,NAC2020,RC,Epi,immune__PD1_PDL1,immune,False,109,20,5.45
compartment_state,AR,NAC2020,RC,Epi,immune__PD1,immune,False,91,20,4.55
compartment_state,AR,NAC2020,RC,Epi,stroma__PD1,stroma,False,12,20,0.6
compartment_state,AR,NAC2020,RC,Epi,stroma__PD1_PDL1,stroma,False,12,20,0.6
compartment_state,AR,NAC2020,RC,Stroma,stroma__checkpoint_neg,stroma,False,24970,20,1248.5
compartment_state,AR,NAC2020,RC,Stroma,immune__checkpoint_neg,immune,False,14223,20,711.15
compartment_state,AR,NAC2020,RC,Stroma,immune__PDL1,immune,False,11956,20,597.8
compartment_state,AR,NAC2020,RC,Stroma,stroma__PDL1,stroma,False,8018,20,400.9
compartment_state,AR,NAC2020,RC,Stroma,tumor__checkpoint_neg,tumor,False,6090,20,304.5
compartment_state,AR,NAC2020,RC,Stroma,immune__PD1,immune,False,2172,20,108.6
compartment_state,AR,NAC2020,RC,Stroma,immune__PD1_PDL1,immune,False,1673,20,83.65
compartment_state,AR,NAC2020,RC,Stroma,tumor__PDL1,tumor,False,434,20,21.7
compartment_state,AR,NAC2020,RC,Stroma,stroma__PD1,stroma,False,410,20,20.5
compartment_state,AR,NAC2020,RC,Stroma,stroma__PD1_PDL1,stroma,False,117,20,5.85
compartment_state,AR,NAC2020,TURBT,Epi,tumor__checkpoint_neg,tumor,False,133326,108,1234.5
compartment_state,AR,NAC2020,TURBT,Epi,stroma__checkpoint_neg,stroma,False,90178,108,834.9814814814815
compartment_state,AR,NAC2020,TURBT,Epi,stroma__PDL1,stroma,False,39406,108,364.8703703703704
compartment_state,AR,NAC2020,TURBT,Epi,immune__checkpoint_neg,immune,False,21066,108,195.05555555555554
compartment_state,AR,NAC2020,TURBT,Epi,immune__PDL1,immune,False,18306,108,169.5
compartment_state,AR,NAC2020,TURBT,Epi,tumor__PDL1,tumor,False,16291,108,150.84259259259258
compartment_state,AR,NAC2020,TURBT,Epi,immune__PD1_PDL1,immune,False,2134,108,19.75925925925926
compartment_state,AR,NAC2020,TURBT,Epi,immune__PD1,immune,False,1823,108,16.87962962962963
compartment_state,AR,NAC2020,TURBT,Epi,stroma__PD1,stroma,False,394,108,3.6481481481481484
compartment_state,AR,NAC2020,TURBT,Epi,stroma__PD1_PDL1,stroma,False,367,108,3.3981481481481484
compartment_state,AR,NAC2020,TURBT,Stroma,stroma__checkpoint_neg,stroma,False,171661,109,1574.8715596330276
compartment_state,AR,NAC2020,TURBT,Stroma,immune__checkpoint_neg,immune,False,76146,109,698.5871559633027
compartment_state,AR,NAC2020,TURBT,Stroma,stroma__PDL1,stroma,False,46978,109,430.9908256880734
compartment_state,AR,NAC2020,TURBT,Stroma,immune__PDL1,immune,False,45087,109,413.64220183486236
compartment_state,AR,NAC2020,TURBT,Stroma,tumor__checkpoint_neg,tumor,False,44063,109,404.2477064220183
compartment_state,AR,NAC2020,TURBT,Stroma,immune__PD1,immune,False,14642,109,134.3302752293578
compartment_state,AR,NAC2020,TURBT,Stroma,immune__PD1_PDL1,immune,False,8926,109,81.88990825688073
compartment_state,AR,NAC2020,TURBT,Stroma,tumor__PDL1,tumor,False,3750,109,34.403669724770644
compartment_state,AR,NAC2020,TURBT,Stroma,stroma__PD1,stroma,False,3628,109,33.28440366972477
compartment_state,AR,NAC2020,TURBT,Stroma,stroma__PD1_PDL1,stroma,False,1636,109,15.009174311926605
compartment_state,AR,No-NAC,RC,Epi,tumor__checkpoint_neg,tumor,False,55552,64,868.0
compartment_state,AR,No-NAC,RC,Epi,stroma__checkpoint_neg,stroma,False,44826,64,700.40625
compartment_state,AR,No-NAC,RC,Epi,stroma__PDL1,stroma,False,19243,64,300.671875
compartment_state,AR,No-NAC,RC,Epi,immune__checkpoint_neg,immune,False,11346,64,177.28125
compartment_state,AR,No-NAC,RC,Epi,immune__PDL1,immune,False,6838,64,106.84375
compartment_state,AR,No-NAC,RC,Epi,tumor__PDL1,tumor,False,5707,64,89.171875
compartment_state,AR,No-NAC,RC,Epi,immune__PD1_PDL1,immune,False,1637,64,25.578125
compartment_state,AR,No-NAC,RC,Epi,immune__PD1,immune,False,1533,64,23.953125
compartment_state,AR,No-NAC,RC,Epi,stroma__PD1,stroma,False,1332,64,20.8125
compartment_state,AR,No-NAC,RC,Epi,stroma__PD1_PDL1,stroma,False,792,64,12.375
compartment_state,AR,No-NAC,RC,Stroma,stroma__checkpoint_neg,stroma,False,105030,64,1641.09375
compartment_state,AR,No-NAC,RC,Stroma,tumor__checkpoint_neg,tumor,False,33285,64,520.078125
compartment_state,AR,No-NAC,RC,Stroma,immune__checkpoint_neg,immune,False,23721,64,370.640625
compartment_state,AR,No-NAC,RC,Stroma,immune__PD1,immune,False,10582,64,165.34375
compartment_state,AR,No-NAC,RC,Stroma,stroma__PDL1,stroma,False,10333,64,161.453125
compartment_state,AR,No-NAC,RC,Stroma,stroma__PD1,stroma,False,9067,64,141.671875
compartment_state,AR,No-NAC,RC,Stroma,immune__PDL1,immune,False,7942,64,124.09375
compartment_state,AR,No-NAC,RC,Stroma,immune__PD1_PDL1,immune,False,3486,64,54.46875
compartment_state,AR,No-NAC,RC,Stroma,stroma__PD1_PDL1,stroma,False,1194,64,18.65625
compartment_state,AR,No-NAC,RC,Stroma,tumor__PDL1,tumor,False,946,64,14.78125
compartment_state,AR,No-NAC,TURBT,Epi,tumor__checkpoint_neg,tumor,False,198409,150,1322.7266666666667
compartment_state,AR,No-NAC,TURBT,Epi,stroma__checkpoint_neg,stroma,False,141286,150,941.9066666666666
compartment_state,AR,No-NAC,TURBT,Epi,stroma__PDL1,stroma,False,56513,150,376.75333333333333
compartment_state,AR,No-NAC,TURBT,Epi,immune__checkpoint_neg,immune,False,40739,150,271.5933333333333
compartment_state,AR,No-NAC,TURBT,Epi,immune__PDL1,immune,False,30126,150,200.84
compartment_state,AR,No-NAC,TURBT,Epi,tumor__PDL1,tumor,False,18967,150,126.44666666666667
compartment_state,AR,No-NAC,TURBT,Epi,stroma__PD1,stroma,False,3057,150,20.38
compartment_state,AR,No-NAC,TURBT,Epi,immune__PD1,immune,False,2583,150,17.22
compartment_state,AR,No-NAC,TURBT,Epi,immune__PD1_PDL1,immune,False,2386,150,15.906666666666666
compartment_state,AR,No-NAC,TURBT,Epi,stroma__PD1_PDL1,stroma,False,741,150,4.94
compartment_state,AR,No-NAC,TURBT,Stroma,stroma__checkpoint_neg,stroma,False,182201,150,1214.6733333333334
compartment_state,AR,No-NAC,TURBT,Stroma,immune__checkpoint_neg,immune,False,77989,150,519.9266666666666
compartment_state,AR,No-NAC,TURBT,Stroma,tumor__checkpoint_neg,tumor,False,75631,150,504.20666666666665
compartment_state,AR,No-NAC,TURBT,Stroma,immune__PDL1,immune,False,28742,150,191.61333333333334
compartment_state,AR,No-NAC,TURBT,Stroma,stroma__PDL1,stroma,False,27379,150,182.52666666666667
compartment_state,AR,No-NAC,TURBT,Stroma,immune__PD1,immune,False,8261,150,55.07333333333333
compartment_state,AR,No-NAC,TURBT,Stroma,tumor__PDL1,tumor,False,3648,150,24.32
compartment_state,AR,No-NAC,TURBT,Stroma,immune__PD1_PDL1,immune,False,3515,150,23.433333333333334
compartment_state,AR,No-NAC,TURBT,Stroma,stroma__PD1,stroma,False,3103,150,20.686666666666667
compartment_state,AR,No-NAC,TURBT,Stroma,stroma__PD1_PDL1,stroma,False,863,150,5.753333333333333
compartment_state,AR,PURE01,RC,Epi,tumor__checkpoint_neg,tumor,False,4936,13,379.6923076923077
compartment_state,AR,PURE01,RC,Epi,stroma__checkpoint_neg,stroma,False,2247,13,172.84615384615384
compartment_state,AR,PURE01,RC,Epi,immune__checkpoint_neg,immune,False,571,13,43.92307692307692
compartment_state,AR,PURE01,RC,Epi,stroma__PDL1,stroma,False,89,13,6.846153846153846
compartment_state,AR,PURE01,RC,Epi,tumor__PDL1,tumor,False,67,13,5.153846153846154
compartment_state,AR,PURE01,RC,Epi,immune__PDL1,immune,False,34,13,2.6153846153846154
compartment_state,AR,PURE01,RC,Epi,immune__PD1,immune,False,10,13,0.7692307692307693
compartment_state,AR,PURE01,RC,Epi,stroma__PD1,stroma,False,3,13,0.23076923076923078
compartment_state,AR,PURE01,RC,Epi,immune__PD1_PDL1,immune,False,1,13,0.07692307692307693
compartment_state,AR,PURE01,RC,Stroma,stroma__checkpoint_neg,stroma,False,26242,14,1874.4285714285713
compartment_state,AR,PURE01,RC,Stroma,immune__checkpoint_neg,immune,False,14499,14,1035.642857142857
compartment_state,AR,PURE01,RC,Stroma,tumor__checkpoint_neg,tumor,False,9528,14,680.5714285714286
compartment_state,AR,PURE01,RC,Stroma,immune__PDL1,immune,False,1688,14,120.57142857142857
compartment_state,AR,PURE01,RC,Stroma,stroma__PDL1,stroma,False,967,14,69.07142857142857
compartment_state,AR,PURE01,RC,Stroma,immune__PD1,immune,False,824,14,58.857142857142854
compartment_state,AR,PURE01,RC,Stroma,stroma__PD1,stroma,False,131,14,9.357142857142858
compartment_state,AR,PURE01,RC,Stroma,tumor__PDL1,tumor,False,68,14,4.857142857142857
compartment_state,AR,PURE01,RC,Stroma,immune__PD1_PDL1,immune,False,67,14,4.785714285714286
compartment_state,AR,PURE01,RC,Stroma,stroma__PD1_PDL1,stroma,False,9,14,0.6428571428571429
compartment_state,AR,PURE01,TURBT,Epi,tumor__checkpoint_neg,tumor,False,150629,124,1214.75
compartment_state,AR,PURE01,TURBT,Epi,stroma__checkpoint_neg,stroma,False,96126,124,775.2096774193549
compartment_state,AR,PURE01,TURBT,Epi,stroma__PDL1,stroma,False,42924,124,346.16129032258067
compartment_state,AR,PURE01,TURBT,Epi,immune__checkpoint_neg,immune,False,27947,124,225.3790322580645
compartment_state,AR,PURE01,TURBT,Epi,immune__PDL1,immune,False,17986,124,145.0483870967742
compartment_state,AR,PURE01,TURBT,Epi,tumor__PDL1,tumor,False,9730,124,78.46774193548387
compartment_state,AR,PURE01,TURBT,Epi,stroma__PD1,stroma,False,4099,124,33.056451612903224
compartment_state,AR,PURE01,TURBT,Epi,immune__PD1,immune,False,3768,124,30.387096774193548
compartment_state,AR,PURE01,TURBT,Epi,immune__PD1_PDL1,immune,False,1941,124,15.653225806451612
compartment_state,AR,PURE01,TURBT,Epi,stroma__PD1_PDL1,stroma,False,663,124,5.346774193548387
compartment_state,AR,PURE01,TURBT,Stroma,stroma__checkpoint_neg,stroma,False,179233,124,1445.4274193548388
compartment_state,AR,PURE01,TURBT,Stroma,immune__checkpoint_neg,immune,False,75808,124,611.3548387096774
compartment_state,AR,PURE01,TURBT,Stroma,tumor__checkpoint_neg,tumor,False,51826,124,417.9516129032258
compartment_state,AR,PURE01,TURBT,Stroma,immune__PDL1,immune,False,26031,124,209.92741935483872
compartment_state,AR,PURE01,TURBT,Stroma,stroma__PDL1,stroma,False,22909,124,184.75
compartment_state,AR,PURE01,TURBT,Stroma,immune__PD1,immune,False,20907,124,168.6048387096774
compartment_state,AR,PURE01,TURBT,Stroma,stroma__PD1,stroma,False,15959,124,128.7016129032258
compartment_state,AR,PURE01,TURBT,Stroma,immune__PD1_PDL1,immune,False,4740,124,38.225806451612904
compartment_state,AR,PURE01,TURBT,Stroma,tumor__PDL1,tumor,False,1972,124,15.903225806451612
compartment_state,AR,PURE01,TURBT,Stroma,stroma__PD1_PDL1,stroma,False,1899,124,15.314516129032258
phenotype_only,AR,BLASST,RC,Epi,stroma,stroma,False,168663,167,1009.9580838323353
phenotype_only,AR,BLASST,RC,Epi,tumor,tumor,False,48526,167,290.5748502994012
phenotype_only,AR,BLASST,RC,Epi,macrophage,macrophage,False,16049,167,96.10179640718563
phenotype_only,AR,BLASST,RC,Epi,t_cell,t_cell,False,3231,167,19.347305389221557
phenotype_only,AR,BLASST,RC,Epi,cd8_t_cell,cd8_t_cell,False,89,167,0.5329341317365269
phenotype_only,AR,BLASST,RC,Stroma,stroma,stroma,False,1016764,200,5083.82
phenotype_only,AR,BLASST,RC,Stroma,t_cell,t_cell,False,110886,200,554.43
phenotype_only,AR,BLASST,RC,Stroma,tumor,tumor,False,107238,200,536.19
phenotype_only,AR,BLASST,RC,Stroma,macrophage,macrophage,False,91000,200,455.0
phenotype_only,AR,BLASST,RC,Stroma,cd8_t_cell,cd8_t_cell,False,1127,200,5.635
phenotype_only,AR,BLASST,TURBT,Epi,stroma,stroma,False,812718,367,2214.490463215259
phenotype_only,AR,BLASST,TURBT,Epi,tumor,tumor,False,203842,367,555.4277929155313
phenotype_only,AR,BLASST,TURBT,Epi,macrophage,macrophage,False,89247,367,243.17983651226157
phenotype_only,AR,BLASST,TURBT,Epi,t_cell,t_cell,False,35273,367,96.11171662125341
phenotype_only,AR,BLASST,TURBT,Epi,cd8_t_cell,cd8_t_cell,False,134,367,0.3651226158038147
phenotype_only,AR,BLASST,TURBT,Stroma,stroma,stroma,False,2932106,390,7518.220512820513
phenotype_only,AR,BLASST,TURBT,Stroma,t_cell,t_cell,False,571319,390,1464.9205128205128
phenotype_only,AR,BLASST,TURBT,Stroma,macrophage,macrophage,False,302988,390,776.8923076923077
phenotype_only,AR,BLASST,TURBT,Stroma,tumor,tumor,False,139486,390,357.65641025641025
phenotype_only,AR,BLASST,TURBT,Stroma,cd8_t_cell,cd8_t_cell,False,1874,390,4.805128205128205
phenotype_only,AR,NAC2020,RC,Epi,tumor,tumor,False,22872,20,1143.6
phenotype_only,AR,NAC2020,RC,Epi,stroma,stroma,False,11530,20,576.5
phenotype_only,AR,NAC2020,RC,Epi,macrophage,macrophage,False,4125,20,206.25
phenotype_only,AR,NAC2020,RC,Epi,t_cell,t_cell,False,685,20,34.25
phenotype_only,AR,NAC2020,RC,Epi,cd8_t_cell,cd8_t_cell,False,152,20,7.6
phenotype_only,AR,NAC2020,RC,Stroma,stroma,stroma,False,33515,20,1675.75
phenotype_only,AR,NAC2020,RC,Stroma,macrophage,macrophage,False,15911,20,795.55
phenotype_only,AR,NAC2020,RC,Stroma,t_cell,t_cell,False,12518,20,625.9
phenotype_only,AR,NAC2020,RC,Stroma,tumor,tumor,False,6524,20,326.2
phenotype_only,AR,NAC2020,RC,Stroma,cd8_t_cell,cd8_t_cell,False,1595,20,79.75
phenotype_only,AR,NAC2020,TURBT,Epi,tumor,tumor,False,149617,108,1385.3425925925926
phenotype_only,AR,NAC2020,TURBT,Epi,stroma,stroma,False,130345,108,1206.898148148148
phenotype_only,AR,NAC2020,TURBT,Epi,macrophage,macrophage,False,30260,108,280.18518518518516
phenotype_only,AR,NAC2020,TURBT,Epi,t_cell,t_cell,False,9985,108,92.45370370370371
phenotype_only,AR,NAC2020,TURBT,Epi,cd8_t_cell,cd8_t_cell,False,3084,108,28.555555555555557
phenotype_only,AR,NAC2020,TURBT,Stroma,stroma,stroma,False,223903,109,2054.1559633027523
phenotype_only,AR,NAC2020,TURBT,Stroma,macrophage,macrophage,False,70276,109,644.7339449541284
phenotype_only,AR,NAC2020,TURBT,Stroma,t_cell,t_cell,False,61838,109,567.3211009174312
phenotype_only,AR,NAC2020,TURBT,Stroma,tumor,tumor,False,47813,109,438.651376146789
phenotype_only,AR,NAC2020,TURBT,Stroma,cd8_t_cell,cd8_t_cell,False,12687,109,116.39449541284404
phenotype_only,AR,No-NAC,RC,Epi,stroma,stroma,False,66193,64,1034.265625
phenotype_only,AR,No-NAC,RC,Epi,tumor,tumor,False,61259,64,957.171875
phenotype_only,AR,No-NAC,RC,Epi,macrophage,macrophage,False,15876,64,248.0625
phenotype_only,AR,No-NAC,RC,Epi,t_cell,t_cell,False,4247,64,66.359375
phenotype_only,AR,No-NAC,RC,Epi,cd8_t_cell,cd8_t_cell,False,1231,64,19.234375
phenotype_only,AR,No-NAC,RC,Stroma,stroma,stroma,False,125624,64,1962.875
phenotype_only,AR,No-NAC,RC,Stroma,tumor,tumor,False,34231,64,534.859375
phenotype_only,AR,No-NAC,RC,Stroma,t_cell,t_cell,False,23376,64,365.25
phenotype_only,AR,No-NAC,RC,Stroma,macrophage,macrophage,False,18418,64,287.78125
phenotype_only,AR,No-NAC,RC,Stroma,cd8_t_cell,cd8_t_cell,False,3937,64,61.515625
phenotype_only,AR,No-NAC,TURBT,Epi,tumor,tumor,False,217376,150,1449.1733333333334
phenotype_only,AR,No-NAC,TURBT,Epi,stroma,stroma,False,201597,150,1343.98
phenotype_only,AR,No-NAC,TURBT,Epi,macrophage,macrophage,False,47692,150,317.94666666666666
phenotype_only,AR,No-NAC,TURBT,Epi,t_cell,t_cell,False,24412,150,162.74666666666667
phenotype_only,AR,No-NAC,TURBT,Epi,cd8_t_cell,cd8_t_cell,False,3730,150,24.866666666666667
phenotype_only,AR,No-NAC,TURBT,Stroma,stroma,stroma,False,213546,150,1423.64
phenotype_only,AR,No-NAC,TURBT,Stroma,tumor,tumor,False,79279,150,528.5266666666666
phenotype_only,AR,No-NAC,TURBT,Stroma,t_cell,t_cell,False,71472,150,476.48
phenotype_only,AR,No-NAC,TURBT,Stroma,macrophage,macrophage,False,40700,150,271.3333333333333
phenotype_only,AR,No-NAC,TURBT,Stroma,cd8_t_cell,cd8_t_cell,False,6335,150,42.233333333333334
phenotype_only,AR,PURE01,RC,Epi,tumor,tumor,False,5003,13,384.84615384615387
phenotype_only,AR,PURE01,RC,Epi,stroma,stroma,False,2339,13,179.92307692307693
phenotype_only,AR,PURE01,RC,Epi,macrophage,macrophage,False,582,13,44.76923076923077
phenotype_only,AR,PURE01,RC,Epi,t_cell,t_cell,False,28,13,2.1538461538461537
phenotype_only,AR,PURE01,RC,Epi,cd8_t_cell,cd8_t_cell,False,6,13,0.46153846153846156
phenotype_only,AR,PURE01,RC,Stroma,stroma,stroma,False,27349,14,1953.5
phenotype_only,AR,PURE01,RC,Stroma,tumor,tumor,False,9596,14,685.4285714285714
phenotype_only,AR,PURE01,RC,Stroma,macrophage,macrophage,False,9416,14,672.5714285714286
phenotype_only,AR,PURE01,RC,Stroma,t_cell,t_cell,False,7013,14,500.92857142857144
phenotype_only,AR,PURE01,RC,Stroma,cd8_t_cell,cd8_t_cell,False,649,14,46.357142857142854
phenotype_only,AR,PURE01,TURBT,Epi,tumor,tumor,False,160359,124,1293.217741935484
phenotype_only,AR,PURE01,TURBT,Epi,stroma,stroma,False,143812,124,1159.774193548387
phenotype_only,AR,PURE01,TURBT,Epi,macrophage,macrophage,False,35765,124,288.4274193548387
phenotype_only,AR,PURE01,TURBT,Epi,t_cell,t_cell,False,14585,124,117.62096774193549
phenotype_only,AR,PURE01,TURBT,Epi,cd8_t_cell,cd8_t_cell,False,1292,124,10.419354838709678
phenotype_only,AR,PURE01,TURBT,Stroma,stroma,stroma,False,220000,124,1774.1935483870968
phenotype_only,AR,PURE01,TURBT,Stroma,t_cell,t_cell,False,66965,124,540.0403225806451
phenotype_only,AR,PURE01,TURBT,Stroma,macrophage,macrophage,False,55480,124,447.4193548387097
phenotype_only,AR,PURE01,TURBT,Stroma,tumor,tumor,False,53798,124,433.85483870967744
phenotype_only,AR,PURE01,TURBT,Stroma,cd8_t_cell,cd8_t_cell,False,5041,124,40.653225806451616
phenotype_only,BT,BLASST,RC,Epi,stroma,stroma,False,73410,117,627.4358974358975
phenotype_only,BT,BLASST,RC,Epi,tumour,tumour,False,49502,117,423.0940170940171
phenotype_only,BT,BLASST,RC,Epi,cd8_t_cell,cd8_t_cell,False,5651,117,48.2991452991453
phenotype_only,BT,BLASST,RC,Epi,t_cell,t_cell,False,2310,117,19.743589743589745
phenotype_only,BT,BLASST,RC,Epi,treg_cell,treg_cell,False,723,117,6.17948717948718
phenotype_only,BT,BLASST,RC,Epi,b_cell,b_cell,False,156,117,1.3333333333333333
phenotype_only,BT,BLASST,RC,Epi,plasma_cell,plasma_cell,False,62,117,0.5299145299145299
phenotype_only,BT,BLASST,RC,Stroma,stroma,stroma,False,881644,210,4198.304761904762
phenotype_only,BT,BLASST,RC,Stroma,t_cell,t_cell,False,52426,210,249.64761904761906
phenotype_only,BT,BLASST,RC,Stroma,cd8_t_cell,cd8_t_cell,False,43894,210,209.01904761904763
phenotype_only,BT,BLASST,RC,Stroma,b_cell,b_cell,False,25983,210,123.72857142857143
phenotype_only,BT,BLASST,RC,Stroma,treg_cell,treg_cell,False,12928,210,61.56190476190476
phenotype_only,BT,BLASST,RC,Stroma,plasma_cell,plasma_cell,False,12162,210,57.91428571428571
phenotype_only,BT,BLASST,RC,Stroma,tumour,tumour,False,9271,210,44.147619047619045
phenotype_only,BT,BLASST,TURBT,Epi,stroma,stroma,False,382660,349,1096.4469914040114
phenotype_only,BT,BLASST,TURBT,Epi,tumour,tumour,False,237328,349,680.0229226361032
phenotype_only,BT,BLASST,TURBT,Epi,cd8_t_cell,cd8_t_cell,False,22805,349,65.34383954154728
phenotype_only,BT,BLASST,TURBT,Epi,t_cell,t_cell,False,11970,349,34.297994269340975
phenotype_only,BT,BLASST,TURBT,Epi,treg_cell,treg_cell,False,5070,349,14.527220630372494
phenotype_only,BT,BLASST,TURBT,Epi,plasma_cell,plasma_cell,False,491,349,1.4068767908309456
phenotype_only,BT,BLASST,TURBT,Epi,b_cell,b_cell,False,488,349,1.3982808022922637
phenotype_only,BT,BLASST,TURBT,Stroma,stroma,stroma,False,1863548,390,4778.328205128205
phenotype_only,BT,BLASST,TURBT,Stroma,t_cell,t_cell,False,251696,390,645.374358974359
phenotype_only,BT,BLASST,TURBT,Stroma,cd8_t_cell,cd8_t_cell,False,117748,390,301.9179487179487
phenotype_only,BT,BLASST,TURBT,Stroma,treg_cell,treg_cell,False,97524,390,250.06153846153848
phenotype_only,BT,BLASST,TURBT,Stroma,b_cell,b_cell,False,92782,390,237.9025641025641
phenotype_only,BT,BLASST,TURBT,Stroma,tumour,tumour,False,41764,390,107.08717948717948
phenotype_only,BT,BLASST,TURBT,Stroma,plasma_cell,plasma_cell,False,39435,390,101.11538461538461
phenotype_only,BT,NAC2020,RC,Epi,tumour,tumour,False,29090,22,1322.2727272727273
phenotype_only,BT,NAC2020,RC,Epi,stroma,stroma,False,2964,22,134.72727272727272
phenotype_only,BT,NAC2020,RC,Epi,cd8_t_cell,cd8_t_cell,False,518,22,23.545454545454547
phenotype_only,BT,NAC2020,RC,Epi,treg_cell,treg_cell,False,107,22,4.863636363636363
phenotype_only,BT,NAC2020,RC,Epi,t_cell,t_cell,False,87,22,3.9545454545454546
phenotype_only,BT,NAC2020,RC,Epi,plasma_cell,plasma_cell,False,15,22,0.6818181818181818
phenotype_only,BT,NAC2020,RC,Epi,b_cell,b_cell,False,8,22,0.36363636363636365
phenotype_only,BT,NAC2020,RC,Stroma,stroma,stroma,False,67964,22,3089.2727272727275
phenotype_only,BT,NAC2020,RC,Stroma,cd8_t_cell,cd8_t_cell,False,7227,22,328.5
phenotype_only,BT,NAC2020,RC,Stroma,tumour,tumour,False,6452,22,293.27272727272725
phenotype_only,BT,NAC2020,RC,Stroma,t_cell,t_cell,False,5514,22,250.63636363636363
phenotype_only,BT,NAC2020,RC,Stroma,treg_cell,treg_cell,False,3029,22,137.6818181818182
phenotype_only,BT,NAC2020,RC,Stroma,plasma_cell,plasma_cell,False,2905,22,132.04545454545453
phenotype_only,BT,NAC2020,RC,Stroma,b_cell,b_cell,False,1336,22,60.72727272727273
phenotype_only,BT,NAC2020,TURBT,Epi,tumour,tumour,False,245149,119,2060.075630252101
phenotype_only,BT,NAC2020,TURBT,Epi,stroma,stroma,False,33465,119,281.218487394958
phenotype_only,BT,NAC2020,TURBT,Epi,cd8_t_cell,cd8_t_cell,False,7515,119,63.15126050420168
phenotype_only,BT,NAC2020,TURBT,Epi,t_cell,t_cell,False,1765,119,14.831932773109244
phenotype_only,BT,NAC2020,TURBT,Epi,treg_cell,treg_cell,False,1238,119,10.403361344537815
phenotype_only,BT,NAC2020,TURBT,Epi,plasma_cell,plasma_cell,False,414,119,3.4789915966386555
phenotype_only,BT,NAC2020,TURBT,Epi,b_cell,b_cell,False,286,119,2.403361344537815
phenotype_only,BT,NAC2020,TURBT,Stroma,stroma,stroma,False,302339,121,2498.6694214876034
phenotype_only,BT,NAC2020,TURBT,Stroma,tumour,tumour,False,48834,121,403.58677685950414
phenotype_only,BT,NAC2020,TURBT,Stroma,cd8_t_cell,cd8_t_cell,False,44231,121,365.54545454545456
phenotype_only,BT,NAC2020,TURBT,Stroma,t_cell,t_cell,False,26371,121,217.94214876033058
phenotype_only,BT,NAC2020,TURBT,Stroma,b_cell,b_cell,False,19466,121,160.87603305785123
phenotype_only,BT,NAC2020,TURBT,Stroma,treg_cell,treg_cell,False,18228,121,150.64462809917356
phenotype_only,BT,NAC2020,TURBT,Stroma,plasma_cell,plasma_cell,False,16789,121,138.7520661157025
phenotype_only,BT,No-NAC,RC,Epi,tumour,tumour,False,118040,62,1903.8709677419354
phenotype_only,BT,No-NAC,RC,Epi,stroma,stroma,False,15143,62,244.24193548387098
phenotype_only,BT,No-NAC,RC,Epi,cd8_t_cell,cd8_t_cell,False,3824,62,61.67741935483871
phenotype_only,BT,No-NAC,RC,Epi,t_cell,t_cell,False,1386,62,22.35483870967742
phenotype_only,BT,No-NAC,RC,Epi,treg_cell,treg_cell,False,733,62,11.82258064516129
phenotype_only,BT,No-NAC,RC,Epi,plasma_cell,plasma_cell,False,156,62,2.5161290322580645
phenotype_only,BT,No-NAC,RC,Epi,b_cell,b_cell,False,56,62,0.9032258064516129
phenotype_only,BT,No-NAC,RC,Stroma,stroma,stroma,False,131693,62,2124.0806451612902
phenotype_only,BT,No-NAC,RC,Stroma,cd8_t_cell,cd8_t_cell,False,17122,62,276.16129032258067
phenotype_only,BT,No-NAC,RC,Stroma,t_cell,t_cell,False,14865,62,239.75806451612902
phenotype_only,BT,No-NAC,RC,Stroma,treg_cell,treg_cell,False,6905,62,111.37096774193549
phenotype_only,BT,No-NAC,RC,Stroma,plasma_cell,plasma_cell,False,6754,62,108.93548387096774
phenotype_only,BT,No-NAC,RC,Stroma,tumour,tumour,False,6524,62,105.2258064516129
phenotype_only,BT,No-NAC,RC,Stroma,b_cell,b_cell,False,4364,62,70.38709677419355
phenotype_only,BT,No-NAC,TURBT,Epi,tumour,tumour,False,352306,152,2317.8026315789475
phenotype_only,BT,No-NAC,TURBT,Epi,stroma,stroma,False,62380,152,410.39473684210526
phenotype_only,BT,No-NAC,TURBT,Epi,cd8_t_cell,cd8_t_cell,False,10978,152,72.22368421052632
phenotype_only,BT,No-NAC,TURBT,Epi,t_cell,t_cell,False,5042,152,33.171052631578945
phenotype_only,BT,No-NAC,TURBT,Epi,treg_cell,treg_cell,False,3356,152,22.07894736842105
phenotype_only,BT,No-NAC,TURBT,Epi,plasma_cell,plasma_cell,False,1054,152,6.934210526315789
phenotype_only,BT,No-NAC,TURBT,Epi,b_cell,b_cell,False,384,152,2.526315789473684
phenotype_only,BT,No-NAC,TURBT,Stroma,stroma,stroma,False,257041,152,1691.0592105263158
phenotype_only,BT,No-NAC,TURBT,Stroma,t_cell,t_cell,False,43411,152,285.5986842105263
phenotype_only,BT,No-NAC,TURBT,Stroma,tumour,tumour,False,37051,152,243.7565789473684
phenotype_only,BT,No-NAC,TURBT,Stroma,cd8_t_cell,cd8_t_cell,False,31721,152,208.69078947368422
phenotype_only,BT,No-NAC,TURBT,Stroma,treg_cell,treg_cell,False,20092,152,132.18421052631578
phenotype_only,BT,No-NAC,TURBT,Stroma,plasma_cell,plasma_cell,False,16517,152,108.66447368421052
phenotype_only,BT,No-NAC,TURBT,Stroma,b_cell,b_cell,False,10707,152,70.4407894736842
phenotype_only,BT,PURE01,RC,Epi,tumour,tumour,False,6678,10,667.8
phenotype_only,BT,PURE01,RC,Epi,stroma,stroma,False,175,10,17.5
phenotype_only,BT,PURE01,RC,Epi,t_cell,t_cell,False,19,10,1.9
phenotype_only,BT,PURE01,RC,Epi,cd8_t_cell,cd8_t_cell,False,17,10,1.7
phenotype_only,BT,PURE01,RC,Epi,treg_cell,treg_cell,False,8,10,0.8
phenotype_only,BT,PURE01,RC,Epi,plasma_cell,plasma_cell,False,1,10,0.1
phenotype_only,BT,PURE01,RC,Stroma,stroma,stroma,False,36687,14,2620.5
phenotype_only,BT,PURE01,RC,Stroma,t_cell,t_cell,False,5719,14,408.5
phenotype_only,BT,PURE01,RC,Stroma,tumour,tumour,False,2608,14,186.28571428571428
phenotype_only,BT,PURE01,RC,Stroma,b_cell,b_cell,False,2340,14,167.14285714285714
phenotype_only,BT,PURE01,RC,Stroma,cd8_t_cell,cd8_t_cell,False,2160,14,154.28571428571428
phenotype_only,BT,PURE01,RC,Stroma,plasma_cell,plasma_cell,False,1807,14,129.07142857142858
phenotype_only,BT,PURE01,RC,Stroma,treg_cell,treg_cell,False,1095,14,78.21428571428571
phenotype_only,BT,PURE01,TURBT,Epi,tumour,tumour,False,269642,123,2192.211382113821
phenotype_only,BT,PURE01,TURBT,Epi,stroma,stroma,False,36054,123,293.1219512195122
phenotype_only,BT,PURE01,TURBT,Epi,cd8_t_cell,cd8_t_cell,False,7153,123,58.15447154471545
phenotype_only,BT,PURE01,TURBT,Epi,t_cell,t_cell,False,2559,123,20.804878048780488
phenotype_only,BT,PURE01,TURBT,Epi,treg_cell,treg_cell,False,2002,123,16.276422764227643
phenotype_only,BT,PURE01,TURBT,Epi,plasma_cell,plasma_cell,False,292,123,2.3739837398373984
phenotype_only,BT,PURE01,TURBT,Epi,b_cell,b_cell,False,203,123,1.6504065040650406
phenotype_only,BT,PURE01,TURBT,Stroma,stroma,stroma,False,275693,127,2170.8110236220473
phenotype_only,BT,PURE01,TURBT,Stroma,t_cell,t_cell,False,42724,127,336.40944881889766
phenotype_only,BT,PURE01,TURBT,Stroma,tumour,tumour,False,40371,127,317.88188976377955
phenotype_only,BT,PURE01,TURBT,Stroma,cd8_t_cell,cd8_t_cell,False,33130,127,260.86614173228344
phenotype_only,BT,PURE01,TURBT,Stroma,treg_cell,treg_cell,False,18329,127,144.3228346456693
phenotype_only,BT,PURE01,TURBT,Stroma,plasma_cell,plasma_cell,False,16649,127,131.09448818897638
phenotype_only,BT,PURE01,TURBT,Stroma,b_cell,b_cell,False,13018,127,102.50393700787401
